id,product_code,판매 URL,품절 여부
1,827153,https://www.reebonz.co.kr/products/827153/section/w-pmi_brand-direct_buy-1/11,
2,1221230,https://www.reebonz.co.kr/products/1221230/section/w-pmi_brand-direct_buy-1/18,
3,1486141,https://www.reebonz.co.kr/products/1486141/section/w-pmi_brand-direct_buy-1/44,
4,1826862,https://www.reebonz.co.kr/products/1826862/section/w-pmi_brand-direct_buy-1/16,
5,1875800,https://www.reebonz.co.kr/products/1875800/section/w-pmi_brand-direct_buy-1/13,
6,2334484,https://www.reebonz.co.kr/products/2334484/section/w-pmi_brand-direct_buy-1/34,
7,2594747,https://www.reebonz.co.kr/products/2594747/section/w-pmi_brand-direct_buy-1/9,
8,2594768,https://www.reebonz.co.kr/products/2594768/section/w-pmi_brand-direct_buy-1/6,
9,2611104,https://www.reebonz.co.kr/events/31554/products/2611104/section/w-event-pl-3/2,
10,2611155,https://www.reebonz.co.kr/events/31554/products/2611155/section/w-event-pl-3/3,
11,2633589,https://www.reebonz.co.kr/products/2633589/section/w-pmi_search_result-direct_buy-1/12,
12,2633598,https://www.reebonz.co.kr/events/31554/products/2633598/section/w-event-pl-1/18,
13,2648031,https://www.reebonz.co.kr/events/31554/products/2648031/section/w-event-pl-3/49,
14,2648286,https://www.reebonz.co.kr/events/31554/products/2648286/section/w-event-pl-3/51,
15,2890949,https://www.reebonz.co.kr/products/2890949/section/w-pmi_brand-direct_buy-1/1,
16,2920535,https://www.reebonz.co.kr/products/2920535/section/w-pmi_brand-direct_buy-1/13,
17,3024268,https://www.reebonz.co.kr/events/31554/products/3024268/section/w-event-pl-4/22?view_type=buy,
18,3032869,https://www.reebonz.co.kr/events/31554/products/3032869/section/w-event-pl-4/23,
19,3032909,https://www.reebonz.co.kr/events/31554/products/3032909/section/w-event-pl-4/24,
20,3058580,https://www.reebonz.co.kr/events/31554/products/3058580/section/w-event-pl-4/29,
21,3140998,https://www.reebonz.co.kr/products/3140998/section/w-pmi_brand-direct_buy-1/26,
22,3163002,https://www.reebonz.co.kr/products/3163002/section/w-pmi_brand-direct_buy-1/6,
23,3204205,https://www.reebonz.co.kr/products/3204205/section/w-pmi_brand-direct_buy-1/3,
24,3257488,https://www.reebonz.co.kr/products/3257488/section/w-pmi_brand-direct_buy-1/5,
25,3289416,https://www.reebonz.co.kr/events/31554/products/3289416/section/w-event-pl-4/57,
26,3721956,https://www.reebonz.co.kr/products/3721956/section/w-pmi_brand-direct_buy-1/2,
27,3933678,https://www.reebonz.co.kr/events/28635/products/3933678/section/w-event_group-pl-1/11?view_type=buy,
28,4872657,https://www.reebonz.co.kr/products/4872657/section/w-pmi_brand-direct_buy-1/18,
29,5288849,https://www.reebonz.co.kr/products/5288849/section/w-pmi_search_result-direct_buy-1/1,
30,5389040,https://www.reebonz.co.kr/events/31554/products/5389040/section/w-event-pl-1/13,
31,5467891,https://www.reebonz.co.kr/products/5467891/section/w-pmi_brand-direct_buy-1/1,
32,5594468,https://www.reebonz.co.kr/products/5594468/section/w-pmi_brand-direct_buy-1/4,
33,5604776,https://www.reebonz.co.kr/events/31554/products/5604776/section/w-event-pl-5/41,
34,5670382,https://www.reebonz.co.kr/products/5670382/section/w-pmi_brand-direct_buy-1/13,
35,5986638,https://www.reebonz.co.kr/events/31554/products/5986638/section/w-event-pl-5/51,
36,6067830,https://www.reebonz.co.kr/products/6067830/section/w-pmi_search_result-direct_buy-1/1,
37,6088845,https://www.reebonz.co.kr/events/31554/products/6088845/section/w-event-pl-1/9,
38,6316539,https://www.reebonz.co.kr/products/6316539/section/w-pmi_brand-direct_buy-1/40,
39,6387583,https://www.reebonz.co.kr/events/28635/products/6387583/section/w-event_group-pl-1/41?view_type=buy,
40,6406148,https://www.reebonz.co.kr/products/6406148/section/w-pmi_brand-direct_buy-1/5,
41,6607056,https://www.reebonz.co.kr/products/6607056/section/w-pmi_brand-direct_buy-1/6,
42,6843904,https://www.reebonz.co.kr/products/6843904/section/w-pmi_brand-direct_buy-1/38,
43,6844367,https://www.reebonz.co.kr/products/6844367/section/w-pmi_brand-direct_buy-1/38,
44,7046668,https://www.reebonz.co.kr/products/7046668/section/w-pmi_brand-direct_buy-1/3,
45,7093363,https://www.reebonz.co.kr/products/7093363/section/w-pmi_brand-direct_buy-1/17,
46,7093391,https://www.reebonz.co.kr/products/7093391/section/w-pmi_brand-direct_buy-1/9,
47,7116081,https://www.reebonz.co.kr/products/7116081/section/w-pmi_brand-direct_buy-1/5,
48,7126123,https://www.reebonz.co.kr/products/7126123/section/w-pmi_brand-direct_buy-1/20,
49,7132539,https://www.reebonz.co.kr/products/7132539/section/w-pmi_search_result-direct_buy-1/1,
50,7133624,https://www.reebonz.co.kr/products/7133624/section/w-pmi_categories-direct_buy-2/22,
51,7276388,https://www.reebonz.co.kr/products/7276388/section/w-pmi_search_result-direct_buy-1/1,
52,7344608,https://www.reebonz.co.kr/products/7344608/section/w-pmi_brand-direct_buy-1/1,
53,7394690,https://www.reebonz.co.kr/products/7394690/section/w-pmi_brand-direct_buy-1/3,
54,7394692,https://www.reebonz.co.kr/products/7394692/section/w-pmi_search_result-direct_buy-1/3,
55,7394745,https://www.reebonz.co.kr/products/7394745/section/w-pmi_brand-direct_buy-1/9,
56,7434677,https://www.reebonz.co.kr/products/7434677/section/w-pmi_brand-direct_buy-1/11,
57,7590444,https://www.reebonz.co.kr/products/7590444/section/w-pmi_brand-direct_buy-1/19,
58,7608364,https://www.reebonz.co.kr/products/7608364/section/w-pmi_brand-direct_buy-1/4,
59,7667716,https://www.reebonz.co.kr/products/7667716/section/w-pmi_categories-direct_buy-1/24,
60,7668996,https://www.reebonz.co.kr/products/7668996/section/w-pmi_search_result-direct_buy-1/1,
61,7693600,https://www.reebonz.co.kr/products/7693600/section/w-pmi_categories-direct_buy-2/24,
62,7727811,https://www.reebonz.co.kr/products/7727811/section/w-pmi_brand-direct_buy-1/4,
63,7728000,https://www.reebonz.co.kr/products/7728000/section/w-pmi_brand-direct_buy-1/6,
64,7734223,https://www.reebonz.co.kr/products/7734223/section/w-pmi_brand-direct_buy-1/1,
65,7740675,https://www.reebonz.co.kr/products/7740675/section/w-pmi_brand-direct_buy-1/10,
66,7868919,https://www.reebonz.co.kr/products/7868919/section/w-pmi_brand-direct_buy-1/2,
67,7883501,https://www.reebonz.co.kr/products/7883501/section/w-pmi_brand-direct_buy-1/6,
68,7883504,https://www.reebonz.co.kr/products/7883504/section/w-pmi_brand-direct_buy-1/5,
69,7892118,https://www.reebonz.co.kr/products/7892118/section/w-pmi_search_result-direct_buy-1/19,
70,7892238,https://www.reebonz.co.kr/products/7892238/section/w-pmi_categories-direct_buy-1/70,
71,7898931,https://www.reebonz.co.kr/products/7898931/section/w-pmi_categories-direct_buy-2/16,
72,7979510,https://www.reebonz.co.kr/products/7979510/section/w-pmi_search_result-direct_buy-1/1,
73,8067417,https://www.reebonz.co.kr/products/8067417/section/w-pmi_search_result-direct_buy-1/1,
74,8067597,https://www.reebonz.co.kr/products/8067597/section/w-pmi_search_result-direct_buy-1/1,
75,8088292,https://www.reebonz.co.kr/products/8088292/section/w-pmi_search_result-direct_buy-1/1,
76,8271950,https://www.reebonz.co.kr/products/8271950/section/w-pmi_search_result-direct_buy-1/1,
77,8294647,https://www.reebonz.co.kr/products/8294647/section/w-pmi_brand-direct_buy-1/7,
78,8340176,https://www.reebonz.co.kr/products/8340176/section/w-pmi_brand-direct_buy-1/30,
79,8342150,https://www.reebonz.co.kr/products/8342150/section/w-pmi_categories-direct_buy-1/25,
80,8342895,https://www.reebonz.co.kr/products/8342895/section/w-pmi_search_result-direct_buy-1/1,
81,8390218,https://www.reebonz.co.kr/products/8390218/section/w-pmi_categories-direct_buy-1/69,
82,8399041,https://www.reebonz.co.kr/events/28635/products/8399041/section/w-event_group-pl-1/8,
83,8410834,https://www.reebonz.co.kr/products/8410834/section/w-pmi_search_result-direct_buy-1/14,
84,8474282,https://www.reebonz.co.kr/products/8474282/section/w-pmi_search_result-direct_buy-1/8,
85,8537435,https://www.reebonz.co.kr/products/8537435/section/w-pmi_search_result-direct_buy-1/1,
86,8616962,https://www.reebonz.co.kr/events/31554/products/8616962/section/w-event-pl-2/9,
87,8626975,https://www.reebonz.co.kr/products/8626975/section/w-pmi_brand-direct_buy-1/1,
88,8632515,https://www.reebonz.co.kr/products/8632515/section/w-pmi_brand-direct_buy-1/4,
89,8644041,https://www.reebonz.co.kr/products/8644041/section/w-pmi_search_result-direct_buy-1/4,
90,8681594,https://www.reebonz.co.kr/events/31554/products/8681594/section/w-event-pl-2/10,
91,8709026,https://www.reebonz.co.kr/products/8709026/section/w-pmi_search_result-direct_buy-1/1,
92,8722691,https://www.reebonz.co.kr/events/28635/products/8722691/section/w-event_group-pl-1/10,
93,8750026,https://www.reebonz.co.kr/events/28635/products/8750026/section/w-event_group-pl-1/2,
94,8769664,https://www.reebonz.co.kr/products/8769664/section/w-pmi_categories-direct_buy-1/53,
95,8829165,https://www.reebonz.co.kr/events/28635/products/8829165/section/w-event_group-pl-1/17,
96,8829813,https://www.reebonz.co.kr/events/28635/products/8829813/section/w-event_group-pl-1/12,
97,8891506,https://www.reebonz.co.kr/events/28635/products/8891506/section/w-event_group-pl-1/14,
98,8920345,https://www.reebonz.co.kr/events/28635/products/8920345/section/w-event_group-pl-1/11,
99,8920513,https://www.reebonz.co.kr/events/28635/products/8920513/section/w-event_group-pl-1/14,
100,8921349,https://www.reebonz.co.kr/events/28635/products/8921349/section/w-event_group-pl-1/28,
101,9038164,https://www.reebonz.co.kr/events/28635/products/9038164/section/w-event_group-pl-1/11,
102,9038987,https://www.reebonz.co.kr/events/28635/products/9038987/section/w-event_group-pl-1/4,
103,9066931,https://www.reebonz.co.kr/events/28635/products/9066931/section/w-event_group-pl-1/3,
104,9067012,https://www.reebonz.co.kr/events/28635/products/9067012/section/w-event_group-pl-1/2,
105,9126553,https://www.reebonz.co.kr/events/28635/products/9126553/section/w-event_group-pl-1/1,
106,9126660,https://www.reebonz.co.kr/events/28635/products/9126660/section/w-event_group-pl-2/1,
107,9155030,https://www.reebonz.co.kr/events/28635/products/9155030/section/w-event_group-pl-3/13,
108,9156126,https://www.reebonz.co.kr/events/28635/products/9156126/section/w-event_group-pl-3/14,
109,9157546,https://www.reebonz.co.kr/events/28635/products/9157546/section/w-event_group-pl-2/20,
110,9165260,https://www.reebonz.co.kr/events/28635/products/9165260/section/w-event_group-pl-2/21,
111,9165264,https://www.reebonz.co.kr/events/28635/products/9165264/section/w-event_group-pl-2/22,
112,9165265,https://www.reebonz.co.kr/events/28635/products/9165265/section/w-event_group-pl-2/23,
113,9165415,https://www.reebonz.co.kr/events/28635/products/9165415/section/w-event_group-pl-2/24,
114,9165717,https://www.reebonz.co.kr/events/28635/products/9165717/section/w-event_group-pl-2/28,
115,9194082,https://www.reebonz.co.kr/events/28635/products/9194082/section/w-event_group-pl-1/3,
116,9194226,https://www.reebonz.co.kr/products/9194226,
117,9194457,https://www.reebonz.co.kr/products/9194457,
118,9200292,https://www.reebonz.co.kr/events/28635/products/9200292/section/w-event_group-pl-1/14,
119,9200305,https://www.reebonz.co.kr/events/28635/products/9200305/section/w-event_group-pl-1/13,
120,9202512,https://www.reebonz.co.kr/events/28635/products/9202512/section/w-event_group-pl-1/6,
121,9225494,https://www.reebonz.co.kr/events/28635/products/9225494/section/w-event_group-pl-1/41,
122,9227555,https://www.reebonz.co.kr/events/28635/products/9227555/section/w-event_group-pl-1/37,
123,9253440,https://www.reebonz.co.kr/events/28635/products/9253440/section/w-event_group-pl-1/1,
124,9259010,https://www.reebonz.co.kr/events/28635/products/9259010/section/w-event_group-pl-1/2,
125,9261450,https://www.reebonz.co.kr/events/28635/products/9261450/section/w-event_group-pl-1/31,
126,9261480,https://www.reebonz.co.kr/events/28635/products/9261480/section/w-event_group-pl-1/28,
127,9262187,https://www.reebonz.co.kr/events/28635/products/9262187/section/w-event_group-pl-1/19,
128,9274447,https://www.reebonz.co.kr/events/28635/products/9274447/section/w-event_group-pl-1/6,
129,8065569,https://www.reebonz.co.kr/products/8065569/section/w-pmi_brand-direct_buy-1/37,
130,9253204,https://www.reebonz.co.kr/events/28635/products/9253204/section/w-event_group-pl-4/8,
131,9288329,https://www.reebonz.co.kr/events/28635/products/9288329/section/w-event_group-pl-4/5,
132,9292817,https://www.reebonz.co.kr/events/28635/products/9292817/section/w-event_group-pl-2/17,
133,9293047,https://www.reebonz.co.kr/events/28635/products/9293047/section/w-event_group-pl-2/12,
134,9295731,https://www.reebonz.co.kr/events/28635/products/9295731/section/w-event_group-pl-2/6,
135,9298774,https://www.reebonz.co.kr/events/28635/products/9298774/section/w-event_group-pl-1/43,
136,9597800,https://www.reebonz.co.kr/events/28635/products/9597800/section/w-event_group-pl-1/22,
137,9653641,https://www.reebonz.co.kr/events/28635/products/9653641/section/w-event_group-pl-1/12,
138,9653433,https://www.reebonz.co.kr/events/28635/products/9653433/section/w-event_group-pl-1/11,
139,9653388,https://www.reebonz.co.kr/events/28635/products/9653388/section/w-event_group-pl-1/5,
140,9653271,https://www.reebonz.co.kr/events/28635/products/9653271/section/w-event_group-pl-1/4,
141,7276374,https://www.reebonz.co.kr/products/7276374/section/w-pmi_categories-direct_buy-1/9 ,
142,2589584,https://www.reebonz.co.kr/products/2589584/section/w-pmi_categories-direct_buy-1/23 ,
143,6144211,https://www.reebonz.co.kr/products/6144211/section/w-pmi_categories-direct_buy-1/11 ,
144,8750067,https://www.reebonz.co.kr/products/8750067/section/w-pmi_categories-direct_buy-1/27 ,
145,2648280,https://www.reebonz.co.kr/products/2648280/section/w-pmi_categories-direct_buy-1/9 ,
146,2647988,https://www.reebonz.co.kr/products/2647988/section/w-pmi_categories-direct_buy-1/14 ,
147,9687923,https://www.reebonz.co.kr/events/28635/products/9687923/section/w-event_group-pl-2/4,
148,3327032,https://www.reebonz.co.kr/products/3327032/section/w-pmi_search_result-direct_buy-1/1,
149,5901433,https://www.reebonz.co.kr/products/5901433/section/w-pmi_brand-direct_buy-1/9,
150,6059048,https://www.reebonz.co.kr/products/6059048/section/w-pmi_brand-direct_buy-1/4,
151,6219792,https://www.reebonz.co.kr/products/6219792/section/w-pmi_brand-direct_buy-1/2,
152,6280593,https://www.reebonz.co.kr/products/6280593/section/w-pmi_brand-direct_buy-1/18,
153,6316501,https://www.reebonz.co.kr/products/6316501/section/w-pmi_brand-direct_buy-1/35,
154,7619327,https://www.reebonz.co.kr/products/7619327/section/w-pmi_brand-direct_buy-1/13,
155,7829479,https://www.reebonz.co.kr/products/7829479/section/w-pmi_brand-direct_buy-1/4,
156,8194939,https://www.reebonz.co.kr/products/8194939/section/w-pmi_brand-direct_buy-1/14,
157,9109146,https://www.reebonz.co.kr/products/9109146/section/w-pmi_categories-direct_buy-1/23,
158,9127392,https://www.reebonz.co.kr/events/28635/products/9127392/section/w-event_group-pl-1/7,
159,9227255,https://www.reebonz.co.kr/events/28635/products/9227255/section/w-event_group-pl-1/1,
160,9262209,https://www.reebonz.co.kr/events/28635/products/9262209/section/w-event_group-pl-1/17,
161,4551725,https://www.reebonz.co.kr/events/28635/products/4551725/section/w-event_group-pl-1/8?view_type=buy,
162,9195372,https://www.reebonz.co.kr/events/28635/products/9195372/section/w-event_group-pl-1/14?view_type=buy,
163,3945378,https://www.reebonz.co.kr/events/28635/products/3945378/section/w-event_group-pl-1/49?view_type=buy,
164,2673886,https://www.reebonz.co.kr/events/28635/products/2673886/section/w-event_group-pl-1/4?view_type=buy,
165,5238404,https://www.reebonz.co.kr/events/28635/products/5238404/section/w-event_group-pl-1/8?view_type=buy,
166,8149545,https://www.reebonz.co.kr/events/28635/products/8149545/section/w-event_group-pl-1/17?view_type=buy,
167,8271491,https://www.reebonz.co.kr/events/28635/products/8271491/section/w-event_group-pl-3/5?view_type=buy,
168,8271574,https://www.reebonz.co.kr/events/28635/products/8271574/section/w-event_group-pl-3/11?view_type=buy,
169,8395894,https://www.reebonz.co.kr/events/28635/products/8395894/section/w-event_group-pl-1/10?view_type=buy,
170,8538175,https://www.reebonz.co.kr/events/28635/products/8538175/section/w-event_group-pl-1/29?view_type=buy,
171,8538199,https://www.reebonz.co.kr/events/28635/products/8538199/section/w-event_group-pl-1/30?view_type=buy,
172,9302211,https://www.reebonz.co.kr/events/28635/products/9302211/section/w-event_group-pl-1/31,
173,9302180,https://www.reebonz.co.kr/events/28635/products/9302180/section/w-event_group-pl-1/27,
174,8552121,https://www.reebonz.co.kr/events/28635/products/8552121/section/w-event_group-pl-1/10?view_type=buy,
175,9331075,https://www.reebonz.co.kr/events/28635/products/9331075/section/w-event_group-pl-1/5,
176,9348030,https://www.reebonz.co.kr/events/28635/products/9348030/section/w-event_group-pl-1/24,
177,9347934,https://www.reebonz.co.kr/events/28635/products/9347934/section/w-event_group-pl-1/23,
178,9347905,https://www.reebonz.co.kr/events/28635/products/9347905/section/w-event_group-pl-1/22,
179,9347864,https://www.reebonz.co.kr/events/28635/products/9347864/section/w-event_group-pl-1/21,
180,9347814,https://www.reebonz.co.kr/events/28635/products/9347814/section/w-event_group-pl-1/20,
181,9347809,https://www.reebonz.co.kr/events/28635/products/9347809/section/w-event_group-pl-1/19,
182,9347479,https://www.reebonz.co.kr/events/28635/products/9347479/section/w-event_group-pl-1/12,
183,9354003,https://www.reebonz.co.kr/events/28635/products/9354003/section/w-event_group-pl-1/14,
184,9370100,http://www.reebonz.co.kr/products/9370100,
185,9370106,http://www.reebonz.co.kr/products/9370106,
186,9378749,https://www.reebonz.co.kr/events/28635/products/9378749/section/w-event_group-pl-1/2,
187,9378717,https://www.reebonz.co.kr/events/28635/products/9378717/section/w-event_group-pl-1/1,
188,9383428,https://www.reebonz.co.kr/events/28635/products/9383428/section/w-event_group-pl-1/13,
189,8627309,https://www.reebonz.co.kr/events/28635/products/8627309/section/w-event_group-pl-1/3?view_type=buy,
190,9385427,https://www.reebonz.co.kr/events/28635/products/9385427/section/w-event_group-pl-1/6,
191,9383020,https://www.reebonz.co.kr/events/28635/products/9383020/section/w-event_group-pl-1/4,
192,8756094,https://www.reebonz.co.kr/events/28635/products/8756094/section/w-event_group-pl-1/8?view_type=buy,
193,9401225,https://www.reebonz.co.kr/events/28635/products/9401225/section/w-event_group-pl-1/11,
194,7618864,https://www.reebonz.co.kr/events/28635/products/7618864/section/w-event_group-pl-1/4?view_type=buy,
195,9419252,https://www.reebonz.co.kr/events/28635/products/9419252/section/w-event_group-pl-1/6,
196,9431321,https://www.reebonz.co.kr/events/28635/products/9431321/section/w-event_group-pl-1/2,
197,9261498,https://www.reebonz.co.kr/events/28635/products/9261498/section/w-event_group-pl-1/7,
198,9465525,https://www.reebonz.co.kr/events/28635/products/9465525/section/w-event_group-pl-1/7,
199,9506119,https://www.reebonz.co.kr/products/9506119,
200,9506176,https://www.reebonz.co.kr/products/9506176,
201,9506328,https://www.reebonz.co.kr/products/9506328,
202,9504632,https://www.reebonz.co.kr/products/9504632,
203,9504671,https://www.reebonz.co.kr/products/9504671,
204,9504685,https://www.reebonz.co.kr/products/9504685,
205,9504687,https://www.reebonz.co.kr/products/9504687,
206,9505301,https://www.reebonz.co.kr/products/9505301,
207,9529301,https://www.reebonz.co.kr/products/9529301,
208,9530290,https://www.reebonz.co.kr/events/28635/products/9530290/section/w-event_group-pl-1/10,
209,9530979,https://www.reebonz.co.kr/events/28635/products/9530979/section/w-event_group-pl-1/8,
210,9530754,https://www.reebonz.co.kr/events/28635/products/9530754/section/w-event_group-pl-1/6,
211,9530805,https://www.reebonz.co.kr/events/28635/products/9530805/section/w-event_group-pl-1/4,
212,8927264,https://www.reebonz.co.kr//events/28635/products/8927264/section/w-event_group-pl-1/5?view_type=buy,
213,8955708,https://www.reebonz.co.kr//events/28635/products/8955708/section/w-event_group-pl-1/7?view_type=buy,
214,8984714,https://www.reebonz.co.kr//events/28635/products/8984714/section/w-event_group-pl-1/8?view_type=buy,
215,9048509,https://www.reebonz.co.kr//events/28635/products/9048509/section/w-event_group-pl-1/9?view_type=buy,
216,8769342,https://www.reebonz.co.kr/events/28635/products/8769342/section/w-event_group-pl-1/8?view_type=buy,
217,8722693,https://www.reebonz.co.kr/events/28635/products/8722693/section/w-event_group-pl-1/3?view_type=buy,
218,9544031,https://www.reebonz.co.kr/events/28635/products/9544031/section/w-event_group-pl-1/17,
219,9544170,https://www.reebonz.co.kr/events/28635/products/9544170/section/w-event_group-pl-1/12,
220,8551834,https://www.reebonz.co.kr/events/28635/products/8551834/section/w-event_group-pl-1/2?view_type=buy,
221,8169059,https://www.reebonz.co.kr/events/28635/products/8169059/section/w-event_group-pl-1/1?view_type=buy,
222,8880351,https://www.reebonz.co.kr/events/28635/products/8880351/section/w-event_group-pl-1/6?view_type=buy,
223,8864267,https://www.reebonz.co.kr/events/28635/products/8864267/section/w-event_group-pl-1/5?view_type=buy,
224,7530059,https://www.reebonz.co.kr/events/28635/products/7530059/section/w-event_group-pl-1/4?view_type=buy,
225,8199726,https://www.reebonz.co.kr/events/28635/products/8199726/section/w-event_group-pl-1/5?view_type=buy,
226,9529996,https://www.reebonz.co.kr/events/28635/products/9529996/section/w-event_group-pl-1/14,
227,9594417,https://www.reebonz.co.kr/events/28635/products/9594417/section/w-event_group-pl-1/8,
228,8870411,https://www.reebonz.co.kr/events/28635/products/8870411/section/w-event_group-pl-1/3?view_type=buy,
229,9601007,https://www.reebonz.co.kr/events/28635/products/9601007/section/w-event_group-pl-1/16,
230,9607911,https://www.reebonz.co.kr/events/28635/products/9607911/section/w-event_group-pl-1/23,
231,9624209,https://www.reebonz.co.kr/events/28635/products/9624209/section/w-event_group-pl-1/7,
232,9623755,https://www.reebonz.co.kr/events/28635/products/9623755/section/w-event_group-pl-1/13,
233,9623753,https://www.reebonz.co.kr/events/28635/products/9623753/section/w-event_group-pl-1/15,
234,9597069,https://www.reebonz.co.kr/events/28635/products/9597069/section/w-event_group-pl-1/16,
235,9596852,https://www.reebonz.co.kr/events/28635/products/9596852/section/w-event_group-pl-1/11,
236,9603165,https://www.reebonz.co.kr/events/28635/products/9603165/section/w-event_group-pl-1/14,
237,9603187,https://www.reebonz.co.kr/events/28635/products/9603187/section/w-event_group-pl-1/13,
238,9643104,https://www.reebonz.co.kr/events/28635/products/9643104/section/w-event_group-pl-1/8,
239,9645324,https://www.reebonz.co.kr/events/28635/products/9645324/section/w-event_group-pl-1/10?view_type=buy,
240,9724055,https://www.reebonz.co.kr/events/28635/products/9724055/section/w-event_group-pl-1/7,
241,9727205,https://www.reebonz.co.kr/events/28635/products/9727205/section/w-event_group-pl-1/3,
242,4484930,https://www.reebonz.co.kr/events/28635/products/4484930/section/w-event_group-pl-1/8?view_type=buy,
243,9530185,https://www.reebonz.co.kr/events/28635/products/9530185/section/w-event_group-pl-1/6,
244,9749856,https://www.reebonz.co.kr/events/28635/products/9749856/section/w-event_group-pl-1/5,
245,9748204,https://www.reebonz.co.kr/events/28635/products/9748204/section/w-event_group-pl-1/10,
246,9748289,https://www.reebonz.co.kr/events/28635/products/9748289/section/w-event_group-pl-1/7,
247,9754241,https://www.reebonz.co.kr/events/28635/products/9754241/section/w-event_group-pl-1/2,
248,9754270,https://www.reebonz.co.kr/events/28635/products/9754270/section/w-event_group-pl-1/3,
249,9754923,https://www.reebonz.co.kr/events/28635/products/9754923/section/w-event_group-pl-1/5,
250,9755111,https://www.reebonz.co.kr/events/28635/products/9755111/section/w-event_group-pl-1/10,
251,9755123,https://www.reebonz.co.kr/events/28635/products/9755123/section/w-event_group-pl-2/11,
252,9755501,https://www.reebonz.co.kr/events/28635/products/9755501/section/w-event_group-pl-1/7,
253,9774839,https://www.reebonz.co.kr/events/28635/products/9774839/section/w-event_group-pl-1/9,
254,9774494,https://www.reebonz.co.kr/events/28635/products/9774494/section/w-event_group-pl-1/11,
255,9775168,https://www.reebonz.co.kr/events/28635/products/9775168/section/w-event_group-pl-1/1,
256,9785119,https://www.reebonz.co.kr/events/28635/products/9785119/section/w-event_group-pl-1/19,
257,9165837,https://www.reebonz.co.kr/events/28635/products/9165837/section/w-event_group-pl-1/12?view_type=buy,
258,9783751,https://www.reebonz.co.kr/events/28635/products/9783751/section/w-event_group-pl-1/15,
259,9783937,https://www.reebonz.co.kr/events/28635/products/9783937/section/w-event_group-pl-1/17,
260,9784155,https://www.reebonz.co.kr/events/28635/products/9784155/section/w-event_group-pl-1/18,
261,9784219,https://www.reebonz.co.kr/events/28635/products/9784219/section/w-event_group-pl-1/20,
262,9784299,https://www.reebonz.co.kr/events/28635/products/9784299/section/w-event_group-pl-1/21,
263,9785398,https://www.reebonz.co.kr/events/28635/products/9785398/section/w-event_group-pl-1/25,
264,9785359,https://www.reebonz.co.kr/events/28635/products/9785359/section/w-event_group-pl-1/24,
265,9785252,https://www.reebonz.co.kr/events/28635/products/9785252/section/w-event_group-pl-1/22,
266,9784619,https://www.reebonz.co.kr/events/28635/products/9784619/section/w-event_group-pl-1/13,
267,9784515,https://www.reebonz.co.kr/events/28635/products/9784515/section/w-event_group-pl-1/12,
268,9784196,https://www.reebonz.co.kr/events/28635/products/9784196/section/w-event_group-pl-1/6,
269,9783859,https://www.reebonz.co.kr/events/28635/products/9783859/section/w-event_group-pl-1/2,
270,9196390,https://www.reebonz.co.kr/events/28635/products/9196390/section/w-event_group-pl-1/7?view_type=buy,
271,9802333,https://www.reebonz.co.kr/events/28635/products/9802333/section/w-event_group-pl-1/7,
272,9821912,https://www.reebonz.co.kr/events/28635/products/9821912/section/w-event_group-pl-1/10,
273,9924343,https://www.reebonz.co.kr/products/9924343,
274,9802480,https://www.reebonz.co.kr/events/28635/products/9802480/section/w-event_group-pl-1/2,
275,9802517,https://www.reebonz.co.kr/events/28635/products/9802517/section/w-event_group-pl-1/1,
276,9302527,https://www.reebonz.co.kr/events/28635/products/9302527/section/w-event_group-pl-1/8?view_type=buy,
277,9252074,https://www.reebonz.co.kr/events/28635/products/9252074/section/w-event_group-pl-1/5?view_type=buy,
278,9201911,https://www.reebonz.co.kr/events/28635/products/9201911/section/w-event_group-pl-1/3?view_type=buy,
279,9822572,https://www.reebonz.co.kr/events/28635/products/9822572/section/w-event_group-pl-1/5,
280,9821820,https://www.reebonz.co.kr/events/28635/products/9821820/section/w-event_group-pl-1/16,
281,9804290,https://www.reebonz.co.kr/events/28635/products/9804290/section/w-event_group-pl-1/18,
282,9827285,https://www.reebonz.co.kr/events/28635/products/9827285/section/w-event_group-pl-1/13,
283,9823730,https://www.reebonz.co.kr/events/28635/products/9823730/section/w-event_group-pl-1/20,
284,8348484,https://www.reebonz.co.kr/events/28635/products/8348484/section/w-event_group-pl-1/7?view_type=buy,
285,9831414,https://www.reebonz.co.kr/events/28635/products/9831414/section/w-event_group-pl-1/17,
286,9831452,https://www.reebonz.co.kr/events/28635/products/9831452/section/w-event_group-pl-1/18,
287,9828226,https://www.reebonz.co.kr/events/28635/products/9828226/section/w-event_group-pl-1/24,
288,9854310,https://www.reebonz.co.kr/events/28635/products/9854310/section/w-event_group-pl-1/14,
289,9854856,https://www.reebonz.co.kr/events/28635/products/9854856/section/w-event_group-pl-1/10,
290,9849166,https://www.reebonz.co.kr/events/28635/products/9849166/section/w-event_group-pl-1/1,
291,9845011,https://www.reebonz.co.kr/events/28635/products/9845011/section/w-event_group-pl-1/6,
292,8769137,https://www.reebonz.co.kr/events/28635/products/8769137/section/w-event_group-pl-1/8?view_type=buy,
293,9845577,https://www.reebonz.co.kr/events/28635/products/9845577/section/w-event_group-pl-1/5,
294,9803865,https://www.reebonz.co.kr/events/28635/products/9803865/section/w-event_group-pl-1/7,
295,9846288,https://www.reebonz.co.kr/events/28635/products/9846288/section/w-event_group-pl-1/7,
296,9862122,https://www.reebonz.co.kr/events/28635/products/9862122/section/w-event_group-pl-1/2,
297,9879173,https://www.reebonz.co.kr/events/28635/products/9879173/section/w-event_group-pl-1/1,
298,9889654,https://www.reebonz.co.kr/events/28635/products/9889654/section/w-event_group-pl-1/4,
299,9883224,https://www.reebonz.co.kr/events/28635/products/9883224/section/w-event_group-pl-2/5,
300,9882074,https://www.reebonz.co.kr/events/28635/products/9882074/section/w-event_group-pl-2/8,
301,9899993,https://www.reebonz.co.kr/events/28635/products/9899993/section/w-event_group-pl-1/2,
302,9905947,https://www.reebonz.co.kr/events/28635/products/9905947/section/w-event_group-pl-1/8,
303,9905967,https://www.reebonz.co.kr/events/28635/products/9905967/section/w-event_group-pl-1/7,
304,9927167,https://www.reebonz.co.kr/events/28635/products/9927167/section/w-event_group-pl-1/6,
305,9927144,https://www.reebonz.co.kr/events/28635/products/9927144/section/w-event_group-pl-1/3,
306,9931939,https://www.reebonz.co.kr/events/28635/products/9931939/section/w-event_group-pl-1/11,
307,9932257,https://www.reebonz.co.kr/events/28635/products/9932257/section/w-event_group-pl-1/8,
308,9932016,https://www.reebonz.co.kr/events/28635/products/9932016/section/w-event_group-pl-1/10,
309,9950439,https://www.reebonz.co.kr/events/28635/products/9950439/section/w-event_group-pl-1/17,
310,9950415,https://www.reebonz.co.kr/events/28635/products/9950415/section/w-event_group-pl-1/18,
311,9950204,https://www.reebonz.co.kr/events/28635/products/9950204/section/w-event_group-pl-1/19,
312,9950159,https://www.reebonz.co.kr/events/28635/products/9950159/section/w-event_group-pl-1/20,
313,9950128,https://www.reebonz.co.kr/events/28635/products/9950128/section/w-event_group-pl-1/21,
314,9950111,https://www.reebonz.co.kr/events/28635/products/9950111/section/w-event_group-pl-1/22,
315,9950101,https://www.reebonz.co.kr/events/28635/products/9950101/section/w-event_group-pl-1/23,
316,9948995,https://www.reebonz.co.kr/events/28635/products/9948995/section/w-event_group-pl-1/28,
317,9963947,https://www.reebonz.co.kr/events/28635/products/9963947/section/w-event_group-pl-1/4,
318,9975205,https://www.reebonz.co.kr/events/28635/products/9975205/section/w-event_group-pl-1/5,
319,9978202,https://www.reebonz.co.kr/events/28635/products/9978202/section/w-event_group-pl-1/9,
320,9978173,https://www.reebonz.co.kr/events/28635/products/9978173/section/w-event_group-pl-1/10,
321,9980139,https://www.reebonz.co.kr/events/28635/products/9980139/section/w-event_group-pl-1/6,
322,9992814,https://www.reebonz.co.kr/events/28635/products/9992814/section/w-event_group-pl-3/29,
323,10026072,https://www.reebonz.co.kr/events/28635/products/10026072/section/w-event_group-pl-1/7,
324,10029600,https://www.reebonz.co.kr/events/28635/products/10029600/section/w-event_group-pl-3/12,
325,10025946,https://www.reebonz.co.kr/events/28635/products/10025946/section/w-event_group-pl-1/5,
326,10025968,https://www.reebonz.co.kr/events/28635/products/10025968/section/w-event_group-pl-3/11,
327,10026038,https://www.reebonz.co.kr/events/28635/products/10026038/section/w-event_group-pl-3/10,
328,9992868,https://www.reebonz.co.kr/events/28635/products/9992868/section/w-event_group-pl-3/4,
329,10030470,https://www.reebonz.co.kr/events/28635/products/10030470/section/w-event_group-pl-1/20,
330,10034369,https://www.reebonz.co.kr/events/28635/products/10034369/section/w-event_group-pl-2/4,
331,9974874,https://www.reebonz.co.kr/events/28635/products/9974874/section/w-event_group-pl-1/2,
332,8756109,https://www.reebonz.co.kr/events/28635/products/8756109/section/w-event_group-pl-1/11?view_type=buy,
333,8756107,https://www.reebonz.co.kr/events/28635/products/8756107/section/w-event_group-pl-1/12?view_type=buy,
334,10040785,https://www.reebonz.co.kr/events/28635/products/10040785/section/w-event_group-pl-1/16,
335,10036693,https://www.reebonz.co.kr/events/28635/products/10036693/section/w-event_group-pl-1/20,
336,10039188,https://www.reebonz.co.kr/events/28635/products/10039188/section/w-event_group-pl-1/23,
337,10038939,https://www.reebonz.co.kr/events/28635/products/10038939/section/w-event_group-pl-1/24,
338,10029662,https://www.reebonz.co.kr/events/28635/products/10029662/section/w-event_group-pl-3/19,
339,10028860,https://www.reebonz.co.kr/events/28635/products/10028860/section/w-event_group-pl-3/21,
340,10028844,https://www.reebonz.co.kr/events/28635/products/10028844/section/w-event_group-pl-3/22,
341,10043408,https://www.reebonz.co.kr/events/28635/products/10043408/section/w-event_group-pl-1/2,
342,8975929,https://www.reebonz.co.kr/events/28635/products/8975929/section/w-event_group-pl-1/9?view_type=buy,
343,10057400,https://www.reebonz.co.kr/events/28635/products/10057400/section/w-event_group-pl-1/26,
344,10084543,https://www.reebonz.co.kr/events/28635/products/10084543/section/w-event_group-pl-1/15,
345,10081864,https://www.reebonz.co.kr/events/28635/products/10081864/section/w-event_group-pl-1/1,
346,10081557,https://www.reebonz.co.kr/events/28635/products/10081557/section/w-event_group-pl-1/2,
347,10081384,https://www.reebonz.co.kr/events/28635/products/10081384/section/w-event_group-pl-1/6,
348,10081311,https://www.reebonz.co.kr/events/28635/products/10081311/section/w-event_group-pl-1/10,
349,10081629,https://www.reebonz.co.kr/events/28635/products/10081629/section/w-event_group-pl-1/13,
350,9883886,https://www.reebonz.co.kr/events/28635/products/9883886/section/w-event_group-pl-1/22,
351,10083198,https://www.reebonz.co.kr/events/28635/products/10083198/section/w-event_group-pl-1/2,
352,10089193,https://www.reebonz.co.kr/events/28635/products/10089193/section/w-event_group-pl-1/19,
353,10090040,https://www.reebonz.co.kr/events/28635/products/10090040/section/w-event_group-pl-1/15,
354,10084387,https://www.reebonz.co.kr/events/28635/products/10084387/section/w-event_group-pl-1/17,
355,10084243,https://www.reebonz.co.kr/events/28635/products/10084243/section/w-event_group-pl-1/18,
356,10083403,https://www.reebonz.co.kr/events/28635/products/10083403/section/w-event_group-pl-1/19,
357,10093643,https://www.reebonz.co.kr/events/28635/products/10093643/section/w-event_group-pl-1/7,
358,10092203,https://www.reebonz.co.kr/events/28635/products/10092203/section/w-event_group-pl-1/10,
359,10093651,https://www.reebonz.co.kr/events/28635/products/10093651/section/w-event_group-pl-1/6,
360,10079576,https://www.reebonz.co.kr/events/28635/products/10079576/section/w-event_group-pl-1/1,
361,10114569,https://www.reebonz.co.kr/events/28635/products/10114569/section/w-event_group-pl-1/14,
362,10091284,https://www.reebonz.co.kr/events/28635/products/10091284/section/w-event_group-pl-5/21,
363,8563111,https://www.reebonz.co.kr/events/28635/products/8563111/section/w-event_group-pl-4/2?view_type=buy,
364,10106752,https://www.reebonz.co.kr/events/28635/products/10106752/section/w-event_group-pl-3/23,
365,10107189,https://www.reebonz.co.kr/events/28635/products/10107189/section/w-event_group-pl-3/21,
366,10108178,https://www.reebonz.co.kr/events/28635/products/10108178/section/w-event_group-pl-3/18,
367,10108200,https://www.reebonz.co.kr/events/28635/products/10108200/section/w-event_group-pl-3/17,
368,10108413,https://www.reebonz.co.kr/events/28635/products/10108413/section/w-event_group-pl-3/13,
369,10110102,https://www.reebonz.co.kr/events/28635/products/10110102/section/w-event_group-pl-2/33,
370,10110197,https://www.reebonz.co.kr/events/28635/products/10110197/section/w-event_group-pl-2/32,
371,10111050,https://www.reebonz.co.kr/events/28635/products/10111050/section/w-event_group-pl-2/25,
372,10111173,https://www.reebonz.co.kr/events/28635/products/10111173/section/w-event_group-pl-2/23,
373,10110808,https://www.reebonz.co.kr/events/28635/products/10110808/section/w-event_group-pl-2/21,
374,10110467,https://www.reebonz.co.kr/events/28635/products/10110467/section/w-event_group-pl-2/18,
375,8756116,https://www.reebonz.co.kr/events/28635/products/8756116/section/w-event_group-pl-2/7?view_type=buy,
376,10111129,https://www.reebonz.co.kr/events/28635/products/10111129/section/w-event_group-pl-1/18,
377,10111164,https://www.reebonz.co.kr/events/28635/products/10111164/section/w-event_group-pl-1/17,
378,10110471,https://www.reebonz.co.kr/events/28635/products/10110471/section/w-event_group-pl-1/14,
379,10111363,https://www.reebonz.co.kr/events/28635/products/10111363/section/w-event_group-pl-1/13,
380,10112301,https://www.reebonz.co.kr/events/28635/products/10112301/section/w-event_group-pl-1/11,
381,10113969,https://www.reebonz.co.kr/events/28635/products/10113969/section/w-event_group-pl-1/7,
382,10122471,https://www.reebonz.co.kr/events/28635/products/10122471/section/w-event_group-pl-1/5,
383,8569178,https://www.reebonz.co.kr/events/28635/products/8569178/section/w-event_group-pl-1/2?view_type=buy,
384,9180385,https://www.reebonz.co.kr/events/28635/products/9180385/section/w-event_group-pl-1/2?view_type=buy,
385,9165895,https://www.reebonz.co.kr/events/28635/products/9165895/section/w-event_group-pl-1/4?view_type=buy,
386,10144032,https://www.reebonz.co.kr/events/28635/products/10144032/section/w-event_group-pl-1/6,
387,10146152,https://www.reebonz.co.kr/events/28635/products/10146152/section/w-event_group-pl-1/14,
388,10146133,https://www.reebonz.co.kr/events/28635/products/10146133/section/w-event_group-pl-1/19,
389,10146127,https://www.reebonz.co.kr/events/28635/products/10146127/section/w-event_group-pl-1/20,
390,10161039,https://www.reebonz.co.kr/events/28635/products/10161039/section/w-event_group-pl-2/3,
391,10193392,https://www.reebonz.co.kr/events/28635/products/10193392/section/w-event_group-pl-1/18,
392,10192790,https://www.reebonz.co.kr/events/28635/products/10192790/section/w-event_group-pl-1/20,
393,10192865,https://www.reebonz.co.kr/events/28635/products/10192865/section/w-event_group-pl-1/22,
394,10192838,https://www.reebonz.co.kr/events/28635/products/10192838/section/w-event_group-pl-1/23,
395,10192960,https://www.reebonz.co.kr/events/28635/products/10192960/section/w-event_group-pl-1/24,
396,10193694,https://www.reebonz.co.kr/events/28635/products/10193694/section/w-event_group-pl-1/25,
397,10199891,https://www.reebonz.co.kr/events/28635/products/10199891/section/w-event_group-pl-1/7,
398,10193746,https://www.reebonz.co.kr/products/10193746/section/w-pmi_search_result-direct_buy-1/1,
399,10204954,https://www.reebonz.co.kr/events/28635/products/10204954/section/w-event_group-pl-1/76,
400,10174946,https://www.reebonz.co.kr/products/10174946/section/w-pmi_search_result-direct_buy-1/1,
401,10236937,https://www.reebonz.co.kr/events/28635/products/10236937/section/w-event_group-pl-1/45,
402,10239624,https://www.reebonz.co.kr/events/28635/products/10239624/section/w-event_group-pl-1/55,
403,10239745,https://www.reebonz.co.kr/events/28635/products/10239745/section/w-event_group-pl-1/54,
404,10238477,https://www.reebonz.co.kr/events/28635/products/10238477/section/w-event_group-pl-1/41,
405,10238790,https://www.reebonz.co.kr/events/28635/products/10238790/section/w-event_group-pl-1/56,
406,10238930,https://www.reebonz.co.kr/events/28635/products/10238930/section/w-event_group-pl-1/63,
407,10238968,https://www.reebonz.co.kr/events/28635/products/10238968/section/w-event_group-pl-1/64,
408,10239039,https://www.reebonz.co.kr/events/28635/products/10239039/section/w-event_group-pl-1/54,
409,10239338,https://www.reebonz.co.kr/events/28635/products/10239338/section/w-event_group-pl-1/58,
410,10239356,https://www.reebonz.co.kr/events/28635/products/10239356/section/w-event_group-pl-1/60,
411,10239405,https://www.reebonz.co.kr/events/28635/products/10239405/section/w-event_group-pl-1/59,
412,10241217,https://www.reebonz.co.kr/events/28635/products/10241217/section/w-event_group-pl-1/43,
413,10258038,https://www.reebonz.co.kr/events/28635/products/10258038/section/w-event_group-pl-1/29,
414,10256770,https://www.reebonz.co.kr/events/28635/products/10256770/section/w-event_group-pl-1/31,
415,10257791,https://www.reebonz.co.kr/events/28635/products/10257791/section/w-event_group-pl-1/34,
416,10257641,https://www.reebonz.co.kr/events/28635/products/10257641/section/w-event_group-pl-1/35,
417,10264198,https://www.reebonz.co.kr/events/28635/products/10264198/section/w-event_group-pl-1/1,
418,10264083,https://www.reebonz.co.kr/events/28635/products/10264083/section/w-event_group-pl-1/2,
419,10292961,https://www.reebonz.co.kr/events/28635/products/10292961/section/w-event_group-pl-1/44,
420,5476787,https://www.reebonz.co.kr/products/5476787/section/w-pmi_categories-direct_buy-1/31,
421,10163143,https://www.reebonz.co.kr/events/28635/products/10163143/section/w-event_group-pl-1/3,
422,10150993,https://www.reebonz.co.kr/events/28635/products/10150993/section/w-event_group-pl-1/6,
423,10163605,https://www.reebonz.co.kr/events/28635/products/10163605/section/w-event_group-pl-1/8,
424,10160072,https://www.reebonz.co.kr/events/28635/products/10160072/section/w-event_group-pl-1/13,
425,10199457,https://www.reebonz.co.kr/events/28635/products/10199457/section/w-event_group-pl-1/4,
426,10199985,https://www.reebonz.co.kr/events/28635/products/10199985/section/w-event_group-pl-1/3,
427,10311193,https://www.reebonz.co.kr/events/28635/products/10311193/section/w-event_group-pl-1/9,
428,10311288,https://www.reebonz.co.kr/events/28635/products/10311288/section/w-event_group-pl-1/11,
429,10311451,https://www.reebonz.co.kr/events/28635/products/10311451/section/w-event_group-pl-1/14,
430,10326928,https://www.reebonz.co.kr/events/28635/products/10326928/section/w-event_group-pl-1/11,
431,10110199,https://www.reebonz.co.kr/events/28635/products/10110199/section/w-event_group-pl-2/31,
432,10110466,https://www.reebonz.co.kr/events/28635/products/10110466/section/w-event_group-pl-2/14,
433,10114062,https://www.reebonz.co.kr/events/28635/products/10114062/section/w-event_group-pl-1/6,
434,10113815,https://www.reebonz.co.kr/events/28635/products/10113815/section/w-event_group-pl-1/3,
435,10144090,https://www.reebonz.co.kr/events/28635/products/10144090/section/w-event_group-pl-1/2,
436,10146243,https://www.reebonz.co.kr/events/28635/products/10146243/section/w-event_group-pl-1/6,
437,10163091,https://www.reebonz.co.kr/events/28635/products/10163091/section/w-event_group-pl-1/2,
438,10160067,https://www.reebonz.co.kr/events/28635/products/10160067/section/w-event_group-pl-1/14,
439,10165526,https://www.reebonz.co.kr/events/28635/products/10165526/section/w-event_group-pl-1/2,
440,10171391,https://www.reebonz.co.kr/events/28635/products/10171391/section/w-event_group-pl-1/25,
441,10171349,https://www.reebonz.co.kr/events/28635/products/10171349/section/w-event_group-pl-1/36,
442,10186181,https://www.reebonz.co.kr/events/28635/products/10186181/section/w-event_group-pl-1/16,
443,10191750,https://www.reebonz.co.kr/events/28635/products/10191750/section/w-event_group-pl-1/18,
444,10198877,https://www.reebonz.co.kr/events/28635/products/10198877/section/w-event_group-pl-1/12,
445,10199136,https://www.reebonz.co.kr/events/28635/products/10199136/section/w-event_group-pl-1/8,
446,10150530,https://www.reebonz.co.kr/events/28635/products/10150530/section/w-event_group-pl-1/5,
447,10186379,https://www.reebonz.co.kr/events/28635/products/10186379/section/w-event_group-pl-1/3,
448,10186407,https://www.reebonz.co.kr/events/28635/products/10186407/section/w-event_group-pl-1/2,
449,10186417,https://www.reebonz.co.kr/events/28635/products/10186417/section/w-event_group-pl-1/1,
450,8927756,https://www.reebonz.co.kr/events/28635/products/8927756/section/w-event_group-pl-1/25?view_type=buy,
451,9289140,https://www.reebonz.co.kr/events/28635/products/9289140/section/w-event_group-pl-1/18?view_type=buy,
452,10167192,https://www.reebonz.co.kr/events/28635/products/10167192/section/w-event_group-pl-1/5,
453,10201217,https://www.reebonz.co.kr/events/28635/products/10201217/section/w-event_group-pl-1/67,
454,10201235,https://www.reebonz.co.kr/events/28635/products/10201235/section/w-event_group-pl-1/66,
455,10201248,https://www.reebonz.co.kr/events/28635/products/10201248/section/w-event_group-pl-1/65,
456,10205753,https://www.reebonz.co.kr/events/28635/products/10205753/section/w-event_group-pl-1/62,
457,10206333,https://www.reebonz.co.kr/events/28635/products/10206333/section/w-event_group-pl-1/54,
458,10206391,https://www.reebonz.co.kr/events/28635/products/10206391/section/w-event_group-pl-1/63,
459,10206468,https://www.reebonz.co.kr/events/28635/products/10206468/section/w-event_group-pl-1/53,
460,10206535,https://www.reebonz.co.kr/events/28635/products/10206535/section/w-event_group-pl-1/55,
461,10206578,https://www.reebonz.co.kr/events/28635/products/10206578/section/w-event_group-pl-1/64,
462,10207421,https://www.reebonz.co.kr/events/28635/products/10207421/section/w-event_group-pl-1/70,
463,10207838,https://www.reebonz.co.kr/events/28635/products/10207838/section/w-event_group-pl-1/44,
464,8829289,https://www.reebonz.co.kr/events/28635/products/8829289/section/w-event_group-pl-1/13?view_type=buy,
465,10152161,https://www.reebonz.co.kr/events/28635/products/10152161/section/w-event_group-pl-1/3,
466,8707617,https://www.reebonz.co.kr/events/28635/products/8707617/section/w-event_group-pl-1/13?view_type=buy,
467,9502537,https://www.reebonz.co.kr/events/28635/products/9502537/section/w-event_group-pl-1/4?view_type=buy,
468,10168719,https://www.reebonz.co.kr/events/28635/products/10168719/section/w-event_group-pl-1/32,
469,10232166,https://www.reebonz.co.kr/events/28635/products/10232166/section/w-event_group-pl-1/39,
470,10232321,https://www.reebonz.co.kr/events/28635/products/10232321/section/w-event_group-pl-1/44,
471,8756135,https://www.reebonz.co.kr/events/28635/products/8756135/section/w-event_group-pl-1/15?view_type=buy,
472,8975913,https://www.reebonz.co.kr/events/28635/products/8975913/section/w-event_group-pl-1/13?view_type=buy,
473,9305887,https://www.reebonz.co.kr/events/28635/products/9305887/section/w-event_group-pl-1/10?view_type=buy,
474,9533998,https://www.reebonz.co.kr/events/28635/products/9533998/section/w-event_group-pl-1/9?view_type=buy,
475,10144690,https://www.reebonz.co.kr/events/28635/products/10144690/section/w-event_group-pl-1/2,
476,10240372,https://www.reebonz.co.kr/events/28635/products/10240372/section/w-event_group-pl-1/51,
477,10241533,https://www.reebonz.co.kr/events/28635/products/10241533/section/w-event_group-pl-1/50,
478,10241579,https://www.reebonz.co.kr/events/28635/products/10241579/section/w-event_group-pl-1/47,
479,10243468,https://www.reebonz.co.kr/events/28635/products/10243468/section/w-event_group-pl-1/44,
480,10243530,https://www.reebonz.co.kr/events/28635/products/10243530/section/w-event_group-pl-1/45,
481,10247391,https://www.reebonz.co.kr/events/28635/products/10247391/section/w-event_group-pl-1/40,
482,10247405,https://www.reebonz.co.kr/events/28635/products/10247405/section/w-event_group-pl-1/42,
483,10248839,https://www.reebonz.co.kr/events/28635/products/10248839/section/w-event_group-pl-1/49,
484,10247493,https://www.reebonz.co.kr/events/28635/products/10247493/section/w-event_group-pl-1/54,
485,10247495,https://www.reebonz.co.kr/events/28635/products/10247495/section/w-event_group-pl-1/55,
486,10248561,https://www.reebonz.co.kr/events/28635/products/10248561/section/w-event_group-pl-1/59,
487,10248704,https://www.reebonz.co.kr/events/28635/products/10248704/section/w-event_group-pl-1/61,
488,8880757,https://www.reebonz.co.kr/events/28635/products/8880757/section/w-event_group-pl-1/20?view_type=buy,
489,8563112,https://www.reebonz.co.kr/events/28635/products/8563112/section/w-event_group-pl-1/33?view_type=buy,
490,10285726,https://www.reebonz.co.kr/events/28635/products/10285726/section/w-event_group-pl-1/6,
491,9112252,https://www.reebonz.co.kr/events/28635/products/9112252/section/w-event_group-pl-1/9?view_type=buy,
492,10253423,https://www.reebonz.co.kr/events/28635/products/10253423/section/w-event_group-pl-1/2,
493,10213455,https://www.reebonz.co.kr/events/28635/products/10213455/section/w-event_group-pl-1/4,
494,8769168,https://www.reebonz.co.kr/events/28635/products/8769168/section/w-event_group-pl-1/8?view_type=buy,
495,8707645,https://www.reebonz.co.kr/events/28635/products/8707645/section/w-event_group-pl-1/21?view_type=buy,
496,8707644,https://www.reebonz.co.kr/events/28635/products/8707644/section/w-event_group-pl-1/22?view_type=buy,
497,8707633,https://www.reebonz.co.kr/events/28635/products/8707633/section/w-event_group-pl-1/28?view_type=buy,
498,8707625,https://www.reebonz.co.kr/events/28635/products/8707625/section/w-event_group-pl-1/31?view_type=buy,
499,10292219,https://www.reebonz.co.kr/events/28635/products/10292219/section/w-event_group-pl-1/39,
500,10293635,https://www.reebonz.co.kr/events/28635/products/10293635/section/w-event_group-pl-1/41,
501,10293696,https://www.reebonz.co.kr/events/28635/products/10293696/section/w-event_group-pl-1/42,
502,10292592,https://www.reebonz.co.kr/events/28635/products/10292592/section/w-event_group-pl-1/49,
503,10308423,https://www.reebonz.co.kr/events/28635/products/10308423/section/w-event_group-pl-1/2,
504,10264499,https://www.reebonz.co.kr/events/28635/products/10264499/section/w-event_group-pl-1/37,
505,10307919,https://www.reebonz.co.kr/events/28635/products/10307919/section/w-event_group-pl-1/38,
506,10307992,https://www.reebonz.co.kr/events/28635/products/10307992/section/w-event_group-pl-1/39,
507,8683509,https://www.reebonz.co.kr/events/28635/products/8683509/section/w-event_group-pl-1/29?view_type=buy,
508,10308036,https://www.reebonz.co.kr/events/28635/products/10308036/section/w-event_group-pl-1/5,
509,10308137,https://www.reebonz.co.kr/events/28635/products/10308137/section/w-event_group-pl-1/6,
510,10313960,https://www.reebonz.co.kr/events/28635/products/10313960/section/w-event_group-pl-1/17,
511,10315286,https://www.reebonz.co.kr/events/28635/products/10315286/section/w-event_group-pl-1/21,
512,10315300,https://www.reebonz.co.kr/events/28635/products/10315300/section/w-event_group-pl-1/22,
513,10327026,https://www.reebonz.co.kr/events/28635/products/10327026/section/w-event_group-pl-1/10,
514,10254198,https://www.reebonz.co.kr/events/28635/products/10254198/section/w-event_group-pl-1/2,
515,10284009,https://www.reebonz.co.kr/events/28635/products/10284009/section/w-event_group-pl-1/4,
516,10293164,https://www.reebonz.co.kr/events/28635/products/10293164/section/w-event_group-pl-1/5,
517,10308171,https://www.reebonz.co.kr/events/28635/products/10308171/section/w-event_group-pl-1/6,
518,10329707,https://www.reebonz.co.kr/events/28635/products/10329707/section/w-event_group-pl-1/8,
519,10338546,https://www.reebonz.co.kr/events/28635/products/10338546/section/w-event_group-pl-1/9,
520,10339648,https://www.reebonz.co.kr/events/28635/products/10339648/section/w-event_group-pl-1/18,
521,10339759,https://www.reebonz.co.kr/events/28635/products/10339759/section/w-event_group-pl-1/19,
522,10311075,https://www.reebonz.co.kr/events/28635/products/10311075/section/w-event_group-pl-1/2,
523,10344760,https://www.reebonz.co.kr/events/28635/products/10344760/section/w-event_group-pl-1/4,
524,10344792,https://www.reebonz.co.kr/events/28635/products/10344792/section/w-event_group-pl-1/5,
525,10344774,https://www.reebonz.co.kr/events/28635/products/10344774/section/w-event_group-pl-1/6,
526,10531567,https://www.reebonz.co.kr/events/28635/products/10531567/section/w-event_group-pl-1/1,
527,10344338,https://www.reebonz.co.kr/events/28635/products/10344338/section/w-event_group-pl-1/18,
528,10351039,https://www.reebonz.co.kr/events/28635/products/10351039/section/w-event_group-pl-1/4,
529,10350947,https://www.reebonz.co.kr/events/28635/products/10350947/section/w-event_group-pl-1/5,
530,10349199,https://www.reebonz.co.kr/events/28635/products/10349199/section/w-event_group-pl-1/8,
531,10349456,https://www.reebonz.co.kr/events/28635/products/10349456/section/w-event_group-pl-1/10,
532,10350560,https://www.reebonz.co.kr/events/28635/products/10350560/section/w-event_group-pl-1/11,
533,10350586,https://www.reebonz.co.kr/events/28635/products/10350586/section/w-event_group-pl-1/12,
534,10345738,https://www.reebonz.co.kr/events/28635/products/10345738/section/w-event_group-pl-1/4,
535,10345467,https://www.reebonz.co.kr/events/28635/products/10345467/section/w-event_group-pl-1/5,
536,10354819,https://www.reebonz.co.kr/events/28635/products/10354819/section/w-event_group-pl-1/6,
537,10354859,https://www.reebonz.co.kr/events/28635/products/10354859/section/w-event_group-pl-1/7,
538,10354885,https://www.reebonz.co.kr/events/28635/products/10354885/section/w-event_group-pl-1/8,
539,10354910,https://www.reebonz.co.kr/events/28635/products/10354910/section/w-event_group-pl-1/9,
540,10354903,https://www.reebonz.co.kr/events/28635/products/10354903/section/w-event_group-pl-1/10,
541,10369351,https://www.reebonz.co.kr/events/28635/products/10369351/section/w-event_group-pl-1/1,
542,10358825,https://www.reebonz.co.kr/events/28635/products/10358825/section/w-event_group-pl-1/2,
543,10358761,https://www.reebonz.co.kr/events/28635/products/10358761/section/w-event_group-pl-1/5,
544,10358776,https://www.reebonz.co.kr/events/28635/products/10358776/section/w-event_group-pl-1/7,
545,10358395,https://www.reebonz.co.kr/events/28635/products/10358395/section/w-event_group-pl-1/8,
546,10358952,https://www.reebonz.co.kr/events/28635/products/10358952/section/w-event_group-pl-1/11,
547,10359716,https://www.reebonz.co.kr/events/28635/products/10359716/section/w-event_group-pl-1/14,
548,10368727,https://www.reebonz.co.kr/events/28635/products/10368727/section/w-event_group-pl-1/15,
549,10359314,https://www.reebonz.co.kr/events/28635/products/10359314/section/w-event_group-pl-1/21,
550,10358237,https://www.reebonz.co.kr/events/28635/products/10358237/section/w-event_group-pl-1/25,
551,10368861,https://www.reebonz.co.kr/events/28635/products/10368861/section/w-event_group-pl-1/4,
552,10368938,https://www.reebonz.co.kr/events/28635/products/10368938/section/w-event_group-pl-1/5,
553,10370556,https://www.reebonz.co.kr/events/28635/products/10370556/section/w-event_group-pl-1/9,
554,10370557,https://www.reebonz.co.kr/events/28635/products/10370557/section/w-event_group-pl-1/10,
555,10376300,https://www.reebonz.co.kr/events/28635/products/10376300/section/w-event_group-pl-1/12,
556,10383661,https://www.reebonz.co.kr/events/28635/products/10383661/section/w-event_group-pl-1/3,
557,10383631,https://www.reebonz.co.kr/events/28635/products/10383631/section/w-event_group-pl-1/4,
558,10382637,https://www.reebonz.co.kr/events/28635/products/10382637/section/w-event_group-pl-1/9,
559,10377202,https://www.reebonz.co.kr/events/28635/products/10377202/section/w-event_group-pl-2/1,
560,10377607,https://www.reebonz.co.kr/events/28635/products/10377607/section/w-event_group-pl-2/2,
561,10378080,https://www.reebonz.co.kr/events/28635/products/10378080/section/w-event_group-pl-2/3,
562,10378222,https://www.reebonz.co.kr/events/28635/products/10378222/section/w-event_group-pl-2/4,
563,10378278,https://www.reebonz.co.kr/events/28635/products/10378278/section/w-event_group-pl-2/5,
564,10378465,https://www.reebonz.co.kr/events/28635/products/10378465/section/w-event_group-pl-2/7,
565,10370607,https://www.reebonz.co.kr/events/28635/products/10370607/section/w-event_group-pl-2/8,
566,10388025,https://www.reebonz.co.kr/events/28635/products/10388025/section/w-event_group-pl-1/3,
567,10388143,https://www.reebonz.co.kr/events/28635/products/10388143/section/w-event_group-pl-1/4,
568,10388272,https://www.reebonz.co.kr/events/28635/products/10388272/section/w-event_group-pl-1/10,
569,10388301,https://www.reebonz.co.kr/events/28635/products/10388301/section/w-event_group-pl-1/11,
570,10388365,https://www.reebonz.co.kr/events/28635/products/10388365/section/w-event_group-pl-1/13,
571,10388452,https://www.reebonz.co.kr/events/28635/products/10388452/section/w-event_group-pl-1/19,
572,10398211,https://www.reebonz.co.kr/events/28635/products/10398211/section/w-event_group-pl-1/4,
573,10398328,https://www.reebonz.co.kr/events/28635/products/10398328/section/w-event_group-pl-1/7,
574,10398350,https://www.reebonz.co.kr/events/28635/products/10398350/section/w-event_group-pl-1/8,
575,10398364,https://www.reebonz.co.kr/events/28635/products/10398364/section/w-event_group-pl-1/9,
576,10398405,https://www.reebonz.co.kr/events/28635/products/10398405/section/w-event_group-pl-1/10,
577,10398426,https://www.reebonz.co.kr/events/28635/products/10398426/section/w-event_group-pl-1/11,
578,10398431,https://www.reebonz.co.kr/events/28635/products/10398431/section/w-event_group-pl-1/12,
579,10398615,https://www.reebonz.co.kr/events/28635/products/10398615/section/w-event_group-pl-1/14,
580,10398697,https://www.reebonz.co.kr/events/28635/products/10398697/section/w-event_group-pl-1/15,
581,10213880,https://www.reebonz.co.kr/events/28635/products/10213880/section/w-event_group-pl-1/24,
582,9884074,https://www.reebonz.co.kr/events/28635/products/9884074/section/w-event_group-pl-1/54?view_type=buy,
583,10414313,https://www.reebonz.co.kr/events/28635/products/10414313/section/w-event_group-pl-1/55,
584,10417290,https://www.reebonz.co.kr/events/28635/products/10417290/section/w-event_group-pl-1/32,
585,10418092,https://www.reebonz.co.kr/events/28635/products/10418092/section/w-event_group-pl-1/33,
586,10417981,https://www.reebonz.co.kr/events/28635/products/10417981/section/w-event_group-pl-1/35,
587,10417683,https://www.reebonz.co.kr/events/28635/products/10417683/section/w-event_group-pl-1/38,
588,10417790,https://www.reebonz.co.kr/events/28635/products/10417790/section/w-event_group-pl-1/40,
589,10417814,https://www.reebonz.co.kr/events/28635/products/10417814/section/w-event_group-pl-1/42,
590,10417390,https://www.reebonz.co.kr/events/28635/products/10417390/section/w-event_group-pl-1/45,
591,10424426,https://www.reebonz.co.kr/events/28635/products/10424426/section/w-event_group-pl-1/1,
592,10423737,https://www.reebonz.co.kr/events/28635/products/10423737/section/w-event_group-pl-1/13,
593,10423535,https://www.reebonz.co.kr/events/28635/products/10423535/section/w-event_group-pl-1/20,
594,10423498,https://www.reebonz.co.kr/events/28635/products/10423498/section/w-event_group-pl-1/21,
595,10423205,https://www.reebonz.co.kr/events/28635/products/10423205/section/w-event_group-pl-1/24,
596,10423019,https://www.reebonz.co.kr/events/28635/products/10423019/section/w-event_group-pl-1/26,
597,10422971,https://www.reebonz.co.kr/events/28635/products/10422971/section/w-event_group-pl-1/27,
598,10422838,https://www.reebonz.co.kr/events/28635/products/10422838/section/w-event_group-pl-1/28,
599,10418632,https://www.reebonz.co.kr/events/28635/products/10418632/section/w-event_group-pl-1/33,
600,10417902,https://www.reebonz.co.kr/events/28635/products/10417902/section/w-event_group-pl-1/34,
601,8891540,https://www.reebonz.co.kr/events/28635/products/8891540/section/w-event_group-pl-1/3?view_type=buy,
602,10435477,https://www.reebonz.co.kr/events/28635/products/10435477/section/w-event_group-pl-1/5,
603,10435942,https://www.reebonz.co.kr/events/28635/products/10435942/section/w-event_group-pl-1/8,
604,10436252,https://www.reebonz.co.kr/events/28635/products/10436252/section/w-event_group-pl-1/10,
605,10428746,https://www.reebonz.co.kr/events/28635/products/10428746/section/w-event_group-pl-1/17,
606,10428765,https://www.reebonz.co.kr/events/28635/products/10428765/section/w-event_group-pl-1/19,
607,10428915,https://www.reebonz.co.kr/events/28635/products/10428915/section/w-event_group-pl-1/20,
608,10428973,https://www.reebonz.co.kr/events/28635/products/10428973/section/w-event_group-pl-1/21,
609,10429181,https://www.reebonz.co.kr/events/28635/products/10429181/section/w-event_group-pl-1/23,
610,10429911,https://www.reebonz.co.kr/events/28635/products/10429911/section/w-event_group-pl-1/26,
611,10429934,https://www.reebonz.co.kr/events/28635/products/10429934/section/w-event_group-pl-1/27,
612,10430104,https://www.reebonz.co.kr/events/28635/products/10430104/section/w-event_group-pl-1/28,
613,10430371,https://www.reebonz.co.kr/events/28635/products/10430371/section/w-event_group-pl-1/29,
614,10430436,https://www.reebonz.co.kr/events/28635/products/10430436/section/w-event_group-pl-1/30,
615,10430590,https://www.reebonz.co.kr/events/28635/products/10430590/section/w-event_group-pl-1/31,
616,10430643,https://www.reebonz.co.kr/events/28635/products/10430643/section/w-event_group-pl-1/32,
617,10430683,https://www.reebonz.co.kr/events/28635/products/10430683/section/w-event_group-pl-1/33,
618,10431375,https://www.reebonz.co.kr/events/28635/products/10431375/section/w-event_group-pl-1/35,
619,10431519,https://www.reebonz.co.kr/events/28635/products/10431519/section/w-event_group-pl-1/36,
620,10431608,https://www.reebonz.co.kr/events/28635/products/10431608/section/w-event_group-pl-1/37,
621,10429692,https://www.reebonz.co.kr/events/28635/products/10429692/section/w-event_group-pl-1/1,
622,9780622,https://www.reebonz.co.kr/events/28635/products/9780622/section/w-event_group-pl-1/3?view_type=buy,
623,9762838,https://www.reebonz.co.kr/events/28635/products/9762838/section/w-event_group-pl-1/4?view_type=buy,
624,9761581,https://www.reebonz.co.kr/events/28635/products/9761581/section/w-event_group-pl-1/5?view_type=buy,
625,9723878,https://www.reebonz.co.kr/events/28635/products/9723878/section/w-event_group-pl-1/7?view_type=buy,
626,9722240,https://www.reebonz.co.kr/events/28635/products/9722240/section/w-event_group-pl-1/8?view_type=buy,
627,10449581,https://www.reebonz.co.kr/events/28635/products/10449581/section/w-event_group-pl-1/18,
628,10436540,https://www.reebonz.co.kr/events/28635/products/10436540/section/w-event_group-pl-1/25,
629,10436159,https://www.reebonz.co.kr/events/28635/products/10436159/section/w-event_group-pl-1/26,
630,10436701,https://www.reebonz.co.kr/events/28635/products/10436701/section/w-event_group-pl-1/27,
631,10429984,https://www.reebonz.co.kr/events/28635/products/10429984/section/w-event_group-pl-1/37,
632,10436344,https://www.reebonz.co.kr/events/28635/products/10436344/section/w-event_group-pl-2/1,
633,8399018,https://www.reebonz.co.kr/events/28635/products/8399018/section/w-event_group-pl-2/2?view_type=buy,
634,5710186,https://www.reebonz.co.kr/events/28635/products/5710186/section/w-event_group-pl-2/6?view_type=buy,
635,9153885,https://www.reebonz.co.kr/events/28635/products/9153885/section/w-event_group-pl-2/9?view_type=buy,
636,10435623,https://www.reebonz.co.kr/events/28635/products/10435623/section/w-event_group-pl-2/12,
637,10435298,https://www.reebonz.co.kr/events/28635/products/10435298/section/w-event_group-pl-2/21,
638,10436881,https://www.reebonz.co.kr/events/28635/products/10436881/section/w-event_group-pl-2/24,
639,9673929,https://www.reebonz.co.kr/events/28635/products/9673929/section/w-event_group-pl-1/7?view_type=buy,
640,9534032,https://www.reebonz.co.kr/events/28635/products/9534032/section/w-event_group-pl-1/9?view_type=buy,
641,10451814,https://www.reebonz.co.kr/events/28635/products/10451814/section/w-event_group-pl-1/11,
642,10450840,https://www.reebonz.co.kr/events/28635/products/10450840/section/w-event_group-pl-1/15,
643,10464128,https://www.reebonz.co.kr/events/28635/products/10464128/section/w-event_group-pl-1/18,
644,10487917,https://www.reebonz.co.kr/events/28635/products/10487917/section/w-event_group-pl-1/11,
645,10487910,https://www.reebonz.co.kr/events/28635/products/10487910/section/w-event_group-pl-1/12,
646,10482090,https://www.reebonz.co.kr/events/28635/products/10482090/section/w-event_group-pl-1/15,
647,10483252,https://www.reebonz.co.kr/events/28635/products/10483252/section/w-event_group-pl-1/16,
648,10483192,https://www.reebonz.co.kr/events/28635/products/10483192/section/w-event_group-pl-1/18,
649,10482059,https://www.reebonz.co.kr/events/28635/products/10482059/section/w-event_group-pl-1/19,
650,10482823,https://www.reebonz.co.kr/events/28635/products/10482823/section/w-event_group-pl-1/20,
651,10482248,https://www.reebonz.co.kr/events/28635/products/10482248/section/w-event_group-pl-1/22,
652,10482148,https://www.reebonz.co.kr/events/28635/products/10482148/section/w-event_group-pl-1/23,
653,9281868,https://www.reebonz.co.kr/events/28635/products/9281868/section/w-event_group-pl-2/2?view_type=buy,
654,10466095,https://www.reebonz.co.kr/events/28635/products/10466095/section/w-event_group-pl-2/11,
655,10466764,https://www.reebonz.co.kr/events/28635/products/10466764/section/w-event_group-pl-2/12,
656,10466804,https://www.reebonz.co.kr/events/28635/products/10466804/section/w-event_group-pl-2/13,
657,10464156,https://www.reebonz.co.kr/events/28635/products/10464156/section/w-event_group-pl-2/21,
658,10465290,https://www.reebonz.co.kr/events/28635/products/10465290/section/w-event_group-pl-2/22,
659,10466673,https://www.reebonz.co.kr/events/28635/products/10466673/section/w-event_group-pl-2/23,
660,10493786,https://www.reebonz.co.kr/events/28635/products/10493786/section/w-event_group-pl-1/2,
661,10483709,https://www.reebonz.co.kr/events/28635/products/10483709/section/w-event_group-pl-1/4,
662,10483738,https://www.reebonz.co.kr/events/28635/products/10483738/section/w-event_group-pl-1/6,
663,10483732,https://www.reebonz.co.kr/events/28635/products/10483732/section/w-event_group-pl-1/7,
664,10483894,https://www.reebonz.co.kr/events/28635/products/10483894/section/w-event_group-pl-1/9,
665,10483992,https://www.reebonz.co.kr/events/28635/products/10483992/section/w-event_group-pl-1/11,
666,10484208,https://www.reebonz.co.kr/events/28635/products/10484208/section/w-event_group-pl-1/13,
667,10483898,https://www.reebonz.co.kr/events/28635/products/10483898/section/w-event_group-pl-1/14,
668,10483703,https://www.reebonz.co.kr/events/28635/products/10483703/section/w-event_group-pl-1/15,
669,10483774,https://www.reebonz.co.kr/events/28635/products/10483774/section/w-event_group-pl-1/21,
670,10494424,https://www.reebonz.co.kr/events/28635/products/10494424/section/w-event_group-pl-1/1,
671,10494409,https://www.reebonz.co.kr/events/28635/products/10494409/section/w-event_group-pl-1/2,
672,10493931,https://www.reebonz.co.kr/events/28635/products/10493931/section/w-event_group-pl-1/4,
673,10493922,https://www.reebonz.co.kr/events/28635/products/10493922/section/w-event_group-pl-1/6,
674,10493895,https://www.reebonz.co.kr/events/28635/products/10493895/section/w-event_group-pl-1/7,
675,10486660,https://www.reebonz.co.kr/events/28635/products/10486660/section/w-event_group-pl-1/9,
676,10494497,https://www.reebonz.co.kr/events/28635/products/10494497/section/w-event_group-pl-1/14,
677,10504798,https://www.reebonz.co.kr/events/28635/products/10504798/section/w-event_group-pl-1/2,
678,10495894,https://www.reebonz.co.kr/events/28635/products/10495894/section/w-event_group-pl-1/3,
679,10494840,https://www.reebonz.co.kr/events/28635/products/10494840/section/w-event_group-pl-1/8,
680,10494808,https://www.reebonz.co.kr/events/28635/products/10494808/section/w-event_group-pl-1/9,
681,10494814,https://www.reebonz.co.kr/events/28635/products/10494814/section/w-event_group-pl-1/10,
682,10495550,https://www.reebonz.co.kr/events/28635/products/10495550/section/w-event_group-pl-1/11,
683,7093770,https://www.reebonz.co.kr/events/28635/products/7093770/section/w-event_group-pl-1/6?view_type=buy,
684,6705008,https://www.reebonz.co.kr/events/28635/products/6705008/section/w-event_group-pl-1/7?view_type=buy,
685,10512307,https://www.reebonz.co.kr/events/28635/products/10512307/section/w-event_group-pl-1/8,
686,10510446,https://www.reebonz.co.kr/events/28635/products/10510446/section/w-event_group-pl-1/11,
687,10510435,https://www.reebonz.co.kr/events/28635/products/10510435/section/w-event_group-pl-1/12,
688,10510467,https://www.reebonz.co.kr/events/28635/products/10510467/section/w-event_group-pl-1/16,
689,10505063,https://www.reebonz.co.kr/events/28635/products/10505063/section/w-event_group-pl-1/17,
690,10504344,https://www.reebonz.co.kr/events/28635/products/10504344/section/w-event_group-pl-1/18,
691,10504902,https://www.reebonz.co.kr/events/28635/products/10504902/section/w-event_group-pl-1/20,
692,10504273,https://www.reebonz.co.kr/events/28635/products/10504273/section/w-event_group-pl-1/21,
693,10504183,https://www.reebonz.co.kr/events/28635/products/10504183/section/w-event_group-pl-1/22,
694,10494595,https://www.reebonz.co.kr/events/28635/products/10494595/section/w-event_group-pl-2/1,
695,10505440,https://www.reebonz.co.kr/events/28635/products/10505440/section/w-event_group-pl-1/2,
696,9877765,https://www.reebonz.co.kr/events/28635/products/9877765/section/w-event_group-pl-1/9?view_type=buy,
697,9971358,https://www.reebonz.co.kr/events/28635/products/9971358/section/w-event_group-pl-1/12?view_type=buy,
698,10503404,https://www.reebonz.co.kr/events/28635/products/10503404/section/w-event_group-pl-1/13,
699,10521033,https://www.reebonz.co.kr/events/28635/products/10521033/section/w-event_group-pl-1/16,
700,10521116,https://www.reebonz.co.kr/events/28635/products/10521116/section/w-event_group-pl-1/19,
701,10526814,https://www.reebonz.co.kr/events/28635/products/10526814/section/w-event_group-pl-1/21,
702,10526972,https://www.reebonz.co.kr/events/28635/products/10526972/section/w-event_group-pl-1/23,
703,10526999,https://www.reebonz.co.kr/events/28635/products/10526999/section/w-event_group-pl-1/24,
704,10504987,https://www.reebonz.co.kr/products/10504987/section/w-pmi_search_result-direct_buy-1/1,
705,10035802,https://www.reebonz.co.kr/events/28635/products/10035802/section/w-event_group-pl-1/2?view_type=buy,
706,9600287,https://www.reebonz.co.kr/events/28635/products/9600287/section/w-event_group-pl-1/5?view_type=buy,
707,10529843,https://www.reebonz.co.kr/events/28635/products/10529843/section/w-event_group-pl-1/14,
708,10529790,https://www.reebonz.co.kr/events/28635/products/10529790/section/w-event_group-pl-1/15,
709,10529929,https://www.reebonz.co.kr/events/28635/products/10529929/section/w-event_group-pl-1/16,
710,10529702,https://www.reebonz.co.kr/events/28635/products/10529702/section/w-event_group-pl-1/17,
711,10528168,https://www.reebonz.co.kr/events/28635/products/10528168/section/w-event_group-pl-1/18,
712,10434212,https://www.reebonz.co.kr/products/10434212/section/w-pmi_search_result-direct_buy-1/1,
713,10388763,https://www.reebonz.co.kr/products/10388763/section/w-pmi_search_result-direct_buy-1/1,
714,10531940,https://www.reebonz.co.kr/events/28635/products/10531940/section/w-event_group-pl-1/12,
715,10531580,https://www.reebonz.co.kr/events/28635/products/10531580/section/w-event_group-pl-1/13,
716,10534372,https://www.reebonz.co.kr/events/28635/products/10534372/section/w-event_group-pl-1/1,
717,10560865,https://www.reebonz.co.kr/events/28635/products/10560865/section/w-event_group-pl-1/4,
718,10563797,https://www.reebonz.co.kr/events/28635/products/10563797/section/w-event_group-pl-1/5,
719,10563719,https://www.reebonz.co.kr/events/28635/products/10563719/section/w-event_group-pl-1/6,
720,10563753,https://www.reebonz.co.kr/events/28635/products/10563753/section/w-event_group-pl-1/7,
721,10563884,https://www.reebonz.co.kr/events/28635/products/10563884/section/w-event_group-pl-1/10,
722,10564002,https://www.reebonz.co.kr/events/28635/products/10564002/section/w-event_group-pl-1/11,
723,10544554,https://www.reebonz.co.kr/events/28635/products/10544554/section/w-event_group-pl-2/1,
724,9785783,https://www.reebonz.co.kr/events/28635/products/9785783/section/w-event_group-pl-2/3?view_type=buy,
725,10542852,https://www.reebonz.co.kr/events/28635/products/10542852/section/w-event_group-pl-2/8,
726,10542694,https://www.reebonz.co.kr/events/28635/products/10542694/section/w-event_group-pl-2/9,
727,10544286,https://www.reebonz.co.kr/events/28635/products/10544286/section/w-event_group-pl-2/10,
728,10532195,https://www.reebonz.co.kr/events/28635/products/10532195/section/w-event_group-pl-2/16,
729,10532710,https://www.reebonz.co.kr/events/28635/products/10532710/section/w-event_group-pl-2/19,
730,10532721,https://www.reebonz.co.kr/events/28635/products/10532721/section/w-event_group-pl-2/20,
731,10532716,https://www.reebonz.co.kr/events/28635/products/10532716/section/w-event_group-pl-2/21,
732,10542628,https://www.reebonz.co.kr/events/28635/products/10542628/section/w-event_group-pl-2/22,
733,10573067,https://www.reebonz.co.kr/events/28635/products/10573067/section/w-event_group-pl-1/11,
734,10532173,https://www.reebonz.co.kr/events/28635/products/10532173/section/w-event_group-pl-1/13,
735,10571940,https://www.reebonz.co.kr/events/28635/products/10571940/section/w-event_group-pl-1/14,
736,10571942,https://www.reebonz.co.kr/events/28635/products/10571942/section/w-event_group-pl-1/19,
737,10571970,https://www.reebonz.co.kr/events/28635/products/10571970/section/w-event_group-pl-1/21,
738,10571967,https://www.reebonz.co.kr/events/28635/products/10571967/section/w-event_group-pl-1/22,
739,10572600,https://www.reebonz.co.kr/events/28635/products/10572600/section/w-event_group-pl-1/23,
740,10572558,https://www.reebonz.co.kr/events/28635/products/10572558/section/w-event_group-pl-1/24,
741,10572612,https://www.reebonz.co.kr/events/28635/products/10572612/section/w-event_group-pl-1/25,
742,10572593,https://www.reebonz.co.kr/events/28635/products/10572593/section/w-event_group-pl-1/26,
743,10571893,https://www.reebonz.co.kr/events/28635/products/10571893/section/w-event_group-pl-1/27,
744,10026849,https://www.reebonz.co.kr/events/28635/products/10026849/section/w-event_group-pl-1/2?view_type=buy,
745,10580756,https://www.reebonz.co.kr/events/28635/products/10580756/section/w-event_group-pl-1/11,
746,10577013,https://www.reebonz.co.kr/events/28635/products/10577013/section/w-event_group-pl-1/12,
747,10577118,https://www.reebonz.co.kr/events/28635/products/10577118/section/w-event_group-pl-1/13,
748,10577063,https://www.reebonz.co.kr/events/28635/products/10577063/section/w-event_group-pl-1/14,
749,10577071,https://www.reebonz.co.kr/events/28635/products/10577071/section/w-event_group-pl-1/15,
750,10577089,https://www.reebonz.co.kr/events/28635/products/10577089/section/w-event_group-pl-1/16,
751,10577112,https://www.reebonz.co.kr/events/28635/products/10577112/section/w-event_group-pl-1/17,
752,10577244,https://www.reebonz.co.kr/events/28635/products/10577244/section/w-event_group-pl-1/18,
753,10580767,https://www.reebonz.co.kr/events/28635/products/10580767/section/w-event_group-pl-1/20,
754,10573471,https://www.reebonz.co.kr/events/28635/products/10573471/section/w-event_group-pl-1/23,
755,10578419,https://www.reebonz.co.kr/events/28635/products/10578419/section/w-event_group-pl-1/26,
