id,product_code,url,품절 여부
1,10449623,https://www.reebonz.co.kr/events/28635/products/10449623/section/w-event_group-pl-1/20,
2,10398431,https://www.reebonz.co.kr/events/28635/products/10398431/section/w-event_group-pl-1/12,
3,10264499,https://www.reebonz.co.kr/events/28635/products/10264499/section/w-event_group-pl-1/37,
4,8707645,https://www.reebonz.co.kr/events/28635/products/8707645/section/w-event_group-pl-1/21?view_type=buy,
5,8707625,https://www.reebonz.co.kr/events/28635/products/8707625/section/w-event_group-pl-1/31?view_type=buy,
6,8707640,https://www.reebonz.co.kr/events/28635/products/8707640/section/w-event_group-pl-1/25?view_type=buy,
7,10292185,https://www.reebonz.co.kr/events/28635/products/10292185/section/w-event_group-pl-1/40,
8,8707633,https://www.reebonz.co.kr/events/28635/products/8707633/section/w-event_group-pl-1/28?view_type=buy,
9,10449764,https://www.reebonz.co.kr/events/28635/products/10449764/section/w-event_group-pl-1/19,
10,10338546,https://www.reebonz.co.kr/events/28635/products/10338546/section/w-event_group-pl-1/9,
11,8707648,https://www.reebonz.co.kr/events/28635/products/8707648/section/w-event_group-pl-1/18?view_type=buy,
12,8769168,https://www.reebonz.co.kr/events/28635/products/8769168/section/w-event_group-pl-1/8?view_type=buy,
13,8707644,https://www.reebonz.co.kr/events/28635/products/8707644/section/w-event_group-pl-1/22?view_type=buy,
14,10285726,https://www.reebonz.co.kr/events/28635/products/10285726/section/w-event_group-pl-1/6,
15,10293696,https://www.reebonz.co.kr/events/28635/products/10293696/section/w-event_group-pl-1/42,
16,10253423,https://www.reebonz.co.kr/events/28635/products/10253423/section/w-event_group-pl-1/2,
17,10205753,https://www.reebonz.co.kr/events/28635/products/10205753/section/w-event_group-pl-1/62,
18,10293635,https://www.reebonz.co.kr/events/28635/products/10293635/section/w-event_group-pl-1/41,
19,10213455,https://www.reebonz.co.kr/events/28635/products/10213455/section/w-event_group-pl-1/4,
20,10308423,https://www.reebonz.co.kr/events/28635/products/10308423/section/w-event_group-pl-1/2,
21,10241434,https://www.reebonz.co.kr/events/28635/products/10241434/section/w-event_group-pl-1/38,
22,8707668,https://www.reebonz.co.kr/events/28635/products/8707668/section/w-event_group-pl-1/11?view_type=buy,
23,9112252,https://www.reebonz.co.kr/events/28635/products/9112252/section/w-event_group-pl-1/9?view_type=buy,
24,8563112,https://www.reebonz.co.kr/events/28635/products/8563112/section/w-event_group-pl-1/33?view_type=buy,
25,10243530,https://www.reebonz.co.kr/events/28635/products/10243530/section/w-event_group-pl-1/45,
26,10418632,https://www.reebonz.co.kr/events/28635/products/10418632/section/w-event_group-pl-1/33,
27,10240372,https://www.reebonz.co.kr/events/28635/products/10240372/section/w-event_group-pl-1/51,
28,10247392,https://www.reebonz.co.kr/events/28635/products/10247392/section/w-event_group-pl-1/41,
29,10206535,https://www.reebonz.co.kr/events/28635/products/10206535/section/w-event_group-pl-1/55,
30,10247495,https://www.reebonz.co.kr/events/28635/products/10247495/section/w-event_group-pl-1/55,
31,10285496,https://www.reebonz.co.kr/events/28635/products/10285496/section/w-event_group-pl-1/4,
32,10248704,https://www.reebonz.co.kr/events/28635/products/10248704/section/w-event_group-pl-1/61,
33,10247493,https://www.reebonz.co.kr/events/28635/products/10247493/section/w-event_group-pl-1/54,
34,10248561,https://www.reebonz.co.kr/events/28635/products/10248561/section/w-event_group-pl-1/59,
35,8880757,https://www.reebonz.co.kr/events/28635/products/8880757/section/w-event_group-pl-1/20?view_type=buy,
36,10258362,https://www.reebonz.co.kr/events/28635/products/10258362/section/w-event_group-pl-1/63,
37,10247391,https://www.reebonz.co.kr/events/28635/products/10247391/section/w-event_group-pl-1/40,
38,10248839,https://www.reebonz.co.kr/events/28635/products/10248839/section/w-event_group-pl-1/49,
39,10249022,https://www.reebonz.co.kr/events/28635/products/10249022/section/w-event_group-pl-1/45,
40,10110199,https://www.reebonz.co.kr/events/28635/products/10110199/section/w-event_group-pl-2/31,
41,10421601,https://www.reebonz.co.kr/events/28635/products/10421601/section/w-event_group-pl-1/31,
42,9305887,https://www.reebonz.co.kr/events/28635/products/9305887/section/w-event_group-pl-1/10?view_type=buy,
43,10247405,https://www.reebonz.co.kr/events/28635/products/10247405/section/w-event_group-pl-1/42,
44,10248589,https://www.reebonz.co.kr/events/28635/products/10248589/section/w-event_group-pl-1/62,
45,9533998,https://www.reebonz.co.kr/events/28635/products/9533998/section/w-event_group-pl-1/9?view_type=buy,
46,10144690,https://www.reebonz.co.kr/events/28635/products/10144690/section/w-event_group-pl-1/2,
47,10243468,https://www.reebonz.co.kr/events/28635/products/10243468/section/w-event_group-pl-1/44,
48,10241579,https://www.reebonz.co.kr/events/28635/products/10241579/section/w-event_group-pl-1/47,
49,10206333,https://www.reebonz.co.kr/events/28635/products/10206333/section/w-event_group-pl-1/54,
50,10240280,https://www.reebonz.co.kr/events/28635/products/10240280/section/w-event_group-pl-1/52,
51,10232166,https://www.reebonz.co.kr/events/28635/products/10232166/section/w-event_group-pl-1/39,
52,10232321,https://www.reebonz.co.kr/events/28635/products/10232321/section/w-event_group-pl-1/44,
53,8756135,https://www.reebonz.co.kr/events/28635/products/8756135/section/w-event_group-pl-1/15?view_type=buy,
54,10248877,https://www.reebonz.co.kr/events/28635/products/10248877/section/w-event_group-pl-1/46,
55,10398943,https://www.reebonz.co.kr/events/28635/products/10398943/section/w-event_group-pl-1/20,
56,10399406,https://www.reebonz.co.kr/events/28635/products/10399406/section/w-event_group-pl-1/21,
57,10340084,https://www.reebonz.co.kr/events/28635/products/10340084/section/w-event_group-pl-1/20,
58,10241533,https://www.reebonz.co.kr/events/28635/products/10241533/section/w-event_group-pl-1/50,
59,10206468,https://www.reebonz.co.kr/events/28635/products/10206468/section/w-event_group-pl-1/53,
60,8975913,https://www.reebonz.co.kr/events/28635/products/8975913/section/w-event_group-pl-1/13?view_type=buy,
61,10206391,https://www.reebonz.co.kr/events/28635/products/10206391/section/w-event_group-pl-1/63,
62,9502537,https://www.reebonz.co.kr/events/28635/products/9502537/section/w-event_group-pl-1/4?view_type=buy,
63,10164000,https://www.reebonz.co.kr/events/28635/products/10164000/section/w-event_group-pl-1/2,
64,10152161,https://www.reebonz.co.kr/events/28635/products/10152161/section/w-event_group-pl-1/3,
65,10168719,https://www.reebonz.co.kr/events/28635/products/10168719/section/w-event_group-pl-1/32,
66,10207556,https://www.reebonz.co.kr/events/28635/products/10207556/section/w-event_group-pl-1/45,
67,8707617,https://www.reebonz.co.kr/events/28635/products/8707617/section/w-event_group-pl-1/13?view_type=buy,
68,10201217,https://www.reebonz.co.kr/events/28635/products/10201217/section/w-event_group-pl-1/67,
69,10388252,https://www.reebonz.co.kr/events/28635/products/10388252/section/w-event_group-pl-1/8,
70,10201235,https://www.reebonz.co.kr/events/28635/products/10201235/section/w-event_group-pl-1/66,
71,8829289,https://www.reebonz.co.kr/events/28635/products/8829289/section/w-event_group-pl-1/13?view_type=buy,
72,10206578,https://www.reebonz.co.kr/events/28635/products/10206578/section/w-event_group-pl-1/64,
73,10201248,https://www.reebonz.co.kr/events/28635/products/10201248/section/w-event_group-pl-1/65,
74,9289140,https://www.reebonz.co.kr/events/28635/products/9289140/section/w-event_group-pl-1/18?view_type=buy,
75,10381902,https://www.reebonz.co.kr/events/28635/products/10381902/section/w-event_group-pl-1/5,
76,10383309,https://www.reebonz.co.kr/events/28635/products/10383309/section/w-event_group-pl-1/6,
77,10382637,https://www.reebonz.co.kr/events/28635/products/10382637/section/w-event_group-pl-1/9,
78,10381695,https://www.reebonz.co.kr/events/28635/products/10381695/section/w-event_group-pl-1/7,
79,10207421,https://www.reebonz.co.kr/events/28635/products/10207421/section/w-event_group-pl-1/70,
80,10207838,https://www.reebonz.co.kr/events/28635/products/10207838/section/w-event_group-pl-1/44,
81,8927756,https://www.reebonz.co.kr/events/28635/products/8927756/section/w-event_group-pl-1/25?view_type=buy,
82,10167192,https://www.reebonz.co.kr/events/28635/products/10167192/section/w-event_group-pl-1/5,
83,10150530,https://www.reebonz.co.kr/events/28635/products/10150530/section/w-event_group-pl-1/5,
84,10186417,https://www.reebonz.co.kr/events/28635/products/10186417/section/w-event_group-pl-1/1,
85,10186407,https://www.reebonz.co.kr/events/28635/products/10186407/section/w-event_group-pl-1/2,
86,10186379,https://www.reebonz.co.kr/events/28635/products/10186379/section/w-event_group-pl-1/3,
87,10113815,https://www.reebonz.co.kr/events/28635/products/10113815/section/w-event_group-pl-1/3,
88,10166845,https://www.reebonz.co.kr/events/28635/products/10166845/section/w-event_group-pl-1/33,
89,10199136,https://www.reebonz.co.kr/events/28635/products/10199136/section/w-event_group-pl-1/8,
90,10144090,https://www.reebonz.co.kr/events/28635/products/10144090/section/w-event_group-pl-1/2,
91,10359716,https://www.reebonz.co.kr/events/28635/products/10359716/section/w-event_group-pl-1/14,
92,10359314,https://www.reebonz.co.kr/events/28635/products/10359314/section/w-event_group-pl-1/21,
93,10345738,https://www.reebonz.co.kr/events/28635/products/10345738/section/w-event_group-pl-1/4,
94,10358952,https://www.reebonz.co.kr/events/28635/products/10358952/section/w-event_group-pl-1/11,
95,10354885,https://www.reebonz.co.kr/events/28635/products/10354885/section/w-event_group-pl-1/8,
96,10354819,https://www.reebonz.co.kr/events/28635/products/10354819/section/w-event_group-pl-1/6,
97,10345467,https://www.reebonz.co.kr/events/28635/products/10345467/section/w-event_group-pl-1/5,
98,10354859,https://www.reebonz.co.kr/events/28635/products/10354859/section/w-event_group-pl-1/7,
99,10354910,https://www.reebonz.co.kr/events/28635/products/10354910/section/w-event_group-pl-1/9,
100,10354903,https://www.reebonz.co.kr/events/28635/products/10354903/section/w-event_group-pl-1/10,
101,10198877,https://www.reebonz.co.kr/events/28635/products/10198877/section/w-event_group-pl-1/12,
102,10114062,https://www.reebonz.co.kr/events/28635/products/10114062/section/w-event_group-pl-1/6,
103,10191750,https://www.reebonz.co.kr/events/28635/products/10191750/section/w-event_group-pl-1/18,
104,10186181,https://www.reebonz.co.kr/events/28635/products/10186181/section/w-event_group-pl-1/16,
105,10345260,https://www.reebonz.co.kr/events/28635/products/10345260/section/w-event_group-pl-1/14,
106,10345287,https://www.reebonz.co.kr/events/28635/products/10345287/section/w-event_group-pl-1/13,
107,10344338,https://www.reebonz.co.kr/events/28635/products/10344338/section/w-event_group-pl-1/18,
108,10344994,https://www.reebonz.co.kr/events/28635/products/10344994/section/w-event_group-pl-1/17,
109,10171349,https://www.reebonz.co.kr/events/28635/products/10171349/section/w-event_group-pl-1/36,
110,10171391,https://www.reebonz.co.kr/events/28635/products/10171391/section/w-event_group-pl-1/25,
111,10110466,https://www.reebonz.co.kr/events/28635/products/10110466/section/w-event_group-pl-2/14,
112,10165526,https://www.reebonz.co.kr/events/28635/products/10165526/section/w-event_group-pl-1/2,
113,10146243,https://www.reebonz.co.kr/events/28635/products/10146243/section/w-event_group-pl-1/6,
114,10339551,https://www.reebonz.co.kr/events/28635/products/10339551/section/w-event_group-pl-1/16,
115,10339648,https://www.reebonz.co.kr/events/28635/products/10339648/section/w-event_group-pl-1/18,
116,10339759,https://www.reebonz.co.kr/events/28635/products/10339759/section/w-event_group-pl-1/19,
117,10163091,https://www.reebonz.co.kr/events/28635/products/10163091/section/w-event_group-pl-1/2,
118,10160067,https://www.reebonz.co.kr/events/28635/products/10160067/section/w-event_group-pl-1/14,
119,10326928,https://www.reebonz.co.kr/events/28635/products/10326928/section/w-event_group-pl-1/11,
120,10199457,https://www.reebonz.co.kr/events/28635/products/10199457/section/w-event_group-pl-1/4,
121,10199985,https://www.reebonz.co.kr/events/28635/products/10199985/section/w-event_group-pl-1/3,
122,5476787,https://www.reebonz.co.kr/products/5476787/section/w-pmi_categories-direct_buy-1/31,
123,10163143,https://www.reebonz.co.kr/events/28635/products/10163143/section/w-event_group-pl-1/3,
124,10150993,https://www.reebonz.co.kr/events/28635/products/10150993/section/w-event_group-pl-1/6,
125,10163605,https://www.reebonz.co.kr/events/28635/products/10163605/section/w-event_group-pl-1/8,
126,10160072,https://www.reebonz.co.kr/events/28635/products/10160072/section/w-event_group-pl-1/13,
127,10311451,https://www.reebonz.co.kr/events/28635/products/10311451/section/w-event_group-pl-1/14,
128,10112301,https://www.reebonz.co.kr/events/28635/products/10112301/section/w-event_group-pl-1/11,
129,10146213,https://www.reebonz.co.kr/events/28635/products/10146213/section/w-event_group-pl-1/10,
130,10311288,https://www.reebonz.co.kr/events/28635/products/10311288/section/w-event_group-pl-1/11,
131,10311193,https://www.reebonz.co.kr/events/28635/products/10311193/section/w-event_group-pl-1/9,
132,10110471,https://www.reebonz.co.kr/events/28635/products/10110471/section/w-event_group-pl-1/14,
133,10311252,https://www.reebonz.co.kr/events/28635/products/10311252/section/w-event_group-pl-1/14,
134,10111363,https://www.reebonz.co.kr/events/28635/products/10111363/section/w-event_group-pl-1/13,
135,9165895,https://www.reebonz.co.kr/events/28635/products/9165895/section/w-event_group-pl-1/4?view_type=buy,
136,9180385,https://www.reebonz.co.kr/events/28635/products/9180385/section/w-event_group-pl-1/2?view_type=buy,
137,10292961,https://www.reebonz.co.kr/events/28635/products/10292961/section/w-event_group-pl-1/44,
138,10111129,https://www.reebonz.co.kr/events/28635/products/10111129/section/w-event_group-pl-1/18,
139,10111164,https://www.reebonz.co.kr/events/28635/products/10111164/section/w-event_group-pl-1/17,
140,10113969,https://www.reebonz.co.kr/events/28635/products/10113969/section/w-event_group-pl-1/7,
141,10110467,https://www.reebonz.co.kr/events/28635/products/10110467/section/w-event_group-pl-2/18,
142,8756116,https://www.reebonz.co.kr/events/28635/products/8756116/section/w-event_group-pl-2/7?view_type=buy,
143,8569178,https://www.reebonz.co.kr/events/28635/products/8569178/section/w-event_group-pl-1/2?view_type=buy,
144,10160082,https://www.reebonz.co.kr/events/28635/products/10160082/section/w-event_group-pl-2/14,
145,10238930,https://www.reebonz.co.kr/events/28635/products/10238930/section/w-event_group-pl-1/63,
146,10256770,https://www.reebonz.co.kr/events/28635/products/10256770/section/w-event_group-pl-1/31,
147,10264083,https://www.reebonz.co.kr/events/28635/products/10264083/section/w-event_group-pl-1/2,
148,10256941,https://www.reebonz.co.kr/events/28635/products/10256941/section/w-event_group-pl-1/33,
149,10264198,https://www.reebonz.co.kr/events/28635/products/10264198/section/w-event_group-pl-1/1,
150,10239338,https://www.reebonz.co.kr/events/28635/products/10239338/section/w-event_group-pl-1/58,
151,10257791,https://www.reebonz.co.kr/events/28635/products/10257791/section/w-event_group-pl-1/34,
152,10257641,https://www.reebonz.co.kr/events/28635/products/10257641/section/w-event_group-pl-1/35,
153,10258038,https://www.reebonz.co.kr/events/28635/products/10258038/section/w-event_group-pl-1/29,
154,10241217,https://www.reebonz.co.kr/events/28635/products/10241217/section/w-event_group-pl-1/43,
155,10238477,https://www.reebonz.co.kr/events/28635/products/10238477/section/w-event_group-pl-1/41,
156,10238790,https://www.reebonz.co.kr/events/28635/products/10238790/section/w-event_group-pl-1/56,
157,10238968,https://www.reebonz.co.kr/events/28635/products/10238968/section/w-event_group-pl-1/64,
158,10239039,https://www.reebonz.co.kr/events/28635/products/10239039/section/w-event_group-pl-1/54,
159,10239356,https://www.reebonz.co.kr/events/28635/products/10239356/section/w-event_group-pl-1/60,
160,10239405,https://www.reebonz.co.kr/events/28635/products/10239405/section/w-event_group-pl-1/59,
161,10239624,https://www.reebonz.co.kr/events/28635/products/10239624/section/w-event_group-pl-1/55,
162,10236937,https://www.reebonz.co.kr/events/28635/products/10236937/section/w-event_group-pl-1/45,
163,10239745,https://www.reebonz.co.kr/events/28635/products/10239745/section/w-event_group-pl-1/54,
164,10161039,https://www.reebonz.co.kr/events/28635/products/10161039/section/w-event_group-pl-2/3,
165,10111173,https://www.reebonz.co.kr/events/28635/products/10111173/section/w-event_group-pl-2/23,
166,10108413,https://www.reebonz.co.kr/events/28635/products/10108413/section/w-event_group-pl-3/13,
167,10110808,https://www.reebonz.co.kr/events/28635/products/10110808/section/w-event_group-pl-2/21,
168,10111050,https://www.reebonz.co.kr/events/28635/products/10111050/section/w-event_group-pl-2/25,
169,10174946,https://www.reebonz.co.kr/products/10174946/section/w-pmi_search_result-direct_buy-1/1,
170,10204954,https://www.reebonz.co.kr/events/28635/products/10204954/section/w-event_group-pl-1/76,
171,10108178,https://www.reebonz.co.kr/events/28635/products/10108178/section/w-event_group-pl-3/18,
172,10107189,https://www.reebonz.co.kr/events/28635/products/10107189/section/w-event_group-pl-3/21,
173,10106752,https://www.reebonz.co.kr/events/28635/products/10106752/section/w-event_group-pl-3/23,
174,10110102,https://www.reebonz.co.kr/events/28635/products/10110102/section/w-event_group-pl-2/33,
175,10193746,https://www.reebonz.co.kr/products/10193746/section/w-pmi_search_result-direct_buy-1/1,
176,10084243,https://www.reebonz.co.kr/events/28635/products/10084243/section/w-event_group-pl-1/18,
177,10091284,https://www.reebonz.co.kr/events/28635/products/10091284/section/w-event_group-pl-5/21,
178,10081311,https://www.reebonz.co.kr/events/28635/products/10081311/section/w-event_group-pl-1/10,
179,10110197,https://www.reebonz.co.kr/events/28635/products/10110197/section/w-event_group-pl-2/32,
180,9883886,https://www.reebonz.co.kr/events/28635/products/9883886/section/w-event_group-pl-1/22,
181,10108200,https://www.reebonz.co.kr/events/28635/products/10108200/section/w-event_group-pl-3/17,
182,10199891,https://www.reebonz.co.kr/events/28635/products/10199891/section/w-event_group-pl-1/7,
183,10192960,https://www.reebonz.co.kr/events/28635/products/10192960/section/w-event_group-pl-1/24,
184,8563111,https://www.reebonz.co.kr/events/28635/products/8563111/section/w-event_group-pl-4/2?view_type=buy,
185,10081557,https://www.reebonz.co.kr/events/28635/products/10081557/section/w-event_group-pl-1/2,
186,10106753,https://www.reebonz.co.kr/events/28635/products/10106753/section/w-event_group-pl-3/22#tabs-2,
187,10081864,https://www.reebonz.co.kr/events/28635/products/10081864/section/w-event_group-pl-1/1,
188,10192790,https://www.reebonz.co.kr/events/28635/products/10192790/section/w-event_group-pl-1/20,
189,10193392,https://www.reebonz.co.kr/events/28635/products/10193392/section/w-event_group-pl-1/18,
190,10193694,https://www.reebonz.co.kr/events/28635/products/10193694/section/w-event_group-pl-1/25,
191,10192838,https://www.reebonz.co.kr/events/28635/products/10192838/section/w-event_group-pl-1/23,
192,10192865,https://www.reebonz.co.kr/events/28635/products/10192865/section/w-event_group-pl-1/22,
193,10057400,https://www.reebonz.co.kr/events/28635/products/10057400/section/w-event_group-pl-1/26,
194,10084387,https://www.reebonz.co.kr/events/28635/products/10084387/section/w-event_group-pl-1/17,
195,10083198,https://www.reebonz.co.kr/events/28635/products/10083198/section/w-event_group-pl-1/2,
196,10084273,https://www.reebonz.co.kr/events/28635/products/10084273/section/w-event_group-pl-1/5,
197,10083403,https://www.reebonz.co.kr/events/28635/products/10083403/section/w-event_group-pl-1/19,
198,10079576,https://www.reebonz.co.kr/events/28635/products/10079576/section/w-event_group-pl-1/1,
199,9992814,https://www.reebonz.co.kr/events/28635/products/9992814/section/w-event_group-pl-3/29,
200,10087380,https://www.reebonz.co.kr/events/28635/products/10087380/section/w-event_group-pl-1/1,
201,10081384,https://www.reebonz.co.kr/events/28635/products/10081384/section/w-event_group-pl-1/6,
202,10081629,https://www.reebonz.co.kr/events/28635/products/10081629/section/w-event_group-pl-1/13,
203,8975929,https://www.reebonz.co.kr/events/28635/products/8975929/section/w-event_group-pl-1/9?view_type=buy,
204,10036693,https://www.reebonz.co.kr/events/28635/products/10036693/section/w-event_group-pl-1/20,
205,10038939,https://www.reebonz.co.kr/events/28635/products/10038939/section/w-event_group-pl-1/24,
206,10043408,https://www.reebonz.co.kr/events/28635/products/10043408/section/w-event_group-pl-1/2,
207,10146127,https://www.reebonz.co.kr/events/28635/products/10146127/section/w-event_group-pl-1/20,
208,10146133,https://www.reebonz.co.kr/events/28635/products/10146133/section/w-event_group-pl-1/19,
209,10146152,https://www.reebonz.co.kr/events/28635/products/10146152/section/w-event_group-pl-1/14,
210,10144032,https://www.reebonz.co.kr/events/28635/products/10144032/section/w-event_group-pl-1/6,
211,10114569,https://www.reebonz.co.kr/events/28635/products/10114569/section/w-event_group-pl-1/14,
212,10122471,https://www.reebonz.co.kr/events/28635/products/10122471/section/w-event_group-pl-1/5,
213,8756109,https://www.reebonz.co.kr/events/28635/products/8756109/section/w-event_group-pl-1/11?view_type=buy,
214,10028844,https://www.reebonz.co.kr/events/28635/products/10028844/section/w-event_group-pl-3/22,
215,10028860,https://www.reebonz.co.kr/events/28635/products/10028860/section/w-event_group-pl-3/21,
216,10039188,https://www.reebonz.co.kr/events/28635/products/10039188/section/w-event_group-pl-1/23,
217,10029662,https://www.reebonz.co.kr/events/28635/products/10029662/section/w-event_group-pl-3/19,
218,8756107,https://www.reebonz.co.kr/events/28635/products/8756107/section/w-event_group-pl-1/12?view_type=buy,
219,10093651,https://www.reebonz.co.kr/events/28635/products/10093651/section/w-event_group-pl-1/6,
220,10093643,https://www.reebonz.co.kr/events/28635/products/10093643/section/w-event_group-pl-1/7,
221,9974904,https://www.reebonz.co.kr/events/28635/products/9974904/section/w-event_group-pl-1/1,
222,9974874,https://www.reebonz.co.kr/events/28635/products/9974874/section/w-event_group-pl-1/2,
223,10093639,https://www.reebonz.co.kr/events/28635/products/10093639/section/w-event_group-pl-1/8,
224,10090040,https://www.reebonz.co.kr/events/28635/products/10090040/section/w-event_group-pl-1/15,
225,9978173,https://www.reebonz.co.kr/events/28635/products/9978173/section/w-event_group-pl-1/10,
226,9980139,https://www.reebonz.co.kr/events/28635/products/9980139/section/w-event_group-pl-1/6,
227,10089193,https://www.reebonz.co.kr/events/28635/products/10089193/section/w-event_group-pl-1/19,
228,10092203,https://www.reebonz.co.kr/events/28635/products/10092203/section/w-event_group-pl-1/10,
229,9949429,https://www.reebonz.co.kr/events/28635/products/9949429/section/w-event_group-pl-1/29,
230,9977975,https://www.reebonz.co.kr/events/28635/products/9977975/section/w-event_group-pl-1/13,
231,10084543,https://www.reebonz.co.kr/events/28635/products/10084543/section/w-event_group-pl-1/15,
232,9975205,https://www.reebonz.co.kr/events/28635/products/9975205/section/w-event_group-pl-1/5,
233,9949623,https://www.reebonz.co.kr/events/28635/products/9949623/section/w-event_group-pl-1/7,
234,10040785,https://www.reebonz.co.kr/events/28635/products/10040785/section/w-event_group-pl-1/16,
235,9963947,https://www.reebonz.co.kr/events/28635/products/9963947/section/w-event_group-pl-1/4,
236,9948995,https://www.reebonz.co.kr/events/28635/products/9948995/section/w-event_group-pl-1/28,
237,9978202,https://www.reebonz.co.kr/events/28635/products/9978202/section/w-event_group-pl-1/9,
238,10030470,https://www.reebonz.co.kr/events/28635/products/10030470/section/w-event_group-pl-1/20,
239,9905967,https://www.reebonz.co.kr/events/28635/products/9905967/section/w-event_group-pl-1/7,
240,9899993,https://www.reebonz.co.kr/events/28635/products/9948578/section/w-event_group-pl-1/1,
241,9882074,https://www.reebonz.co.kr/events/28635/products/9882074/section/w-event_group-pl-2/8,
242,9948578,https://www.reebonz.co.kr/events/28635/products/9948578/section/w-event_group-pl-1/1,
243,9889654,https://www.reebonz.co.kr/events/28635/products/9889654/section/w-event_group-pl-1/4,
244,9883224,https://www.reebonz.co.kr/events/28635/products/9883224/section/w-event_group-pl-2/5,
245,9846288,https://www.reebonz.co.kr/events/28635/products/9846288/section/w-event_group-pl-1/7,
246,10034468,https://www.reebonz.co.kr/events/28635/products/10034468/section/w-event_group-pl-2/7,
247,10027594,https://www.reebonz.co.kr/events/28635/products/10027594/section/w-event_group-pl-3/14,
248,10026072,https://www.reebonz.co.kr/events/28635/products/10026072/section/w-event_group-pl-1/7,
249,10026011,https://www.reebonz.co.kr/events/28635/products/10026011/section/w-event_group-pl-3/13,
250,10025946,https://www.reebonz.co.kr/events/28635/products/10025946/section/w-event_group-pl-1/5,
251,10025968,https://www.reebonz.co.kr/events/28635/products/10025968/section/w-event_group-pl-3/11,
252,10029600,https://www.reebonz.co.kr/events/28635/products/10029600/section/w-event_group-pl-3/12,
253,10034369,https://www.reebonz.co.kr/events/28635/products/10034369/section/w-event_group-pl-2/4,
254,10039031,https://www.reebonz.co.kr/events/28635/products/10039031/section/w-event_group-pl-1/26,
255,10026038,https://www.reebonz.co.kr/events/28635/products/10026038/section/w-event_group-pl-3/10,
256,9992868,https://www.reebonz.co.kr/events/28635/products/9992868/section/w-event_group-pl-3/4,
257,9879173,https://www.reebonz.co.kr/events/28635/products/9879173/section/w-event_group-pl-1/1,
258,9862122,https://www.reebonz.co.kr/events/28635/products/9862122/section/w-event_group-pl-1/2,
259,9854638,https://www.reebonz.co.kr/events/28635/products/9854638/section/w-event_group-pl-1/13,
260,9950204,https://www.reebonz.co.kr/events/28635/products/9950204/section/w-event_group-pl-1/19,
261,9950111,https://www.reebonz.co.kr/events/28635/products/9950111/section/w-event_group-pl-1/22,
262,9950101,https://www.reebonz.co.kr/events/28635/products/9950101/section/w-event_group-pl-1/23,
263,9950159,https://www.reebonz.co.kr/events/28635/products/9950159/section/w-event_group-pl-1/20,
264,9950415,https://www.reebonz.co.kr/events/28635/products/9950415/section/w-event_group-pl-1/18,
265,9950439,https://www.reebonz.co.kr/events/28635/products/9950439/section/w-event_group-pl-1/17,
266,9950128,https://www.reebonz.co.kr/events/28635/products/9950128/section/w-event_group-pl-1/21,
267,9803865,https://www.reebonz.co.kr/events/28635/products/9803865/section/w-event_group-pl-1/7,
268,9927144,https://www.reebonz.co.kr/events/28635/products/9927144/section/w-event_group-pl-1/3,
269,9927128,https://www.reebonz.co.kr/events/28635/products/9927128/section/w-event_group-pl-1/1,
270,9931939,https://www.reebonz.co.kr/events/28635/products/9931939/section/w-event_group-pl-1/11,
271,9932160,https://www.reebonz.co.kr/events/28635/products/9932160/section/w-event_group-pl-1/9,
272,9845011,https://www.reebonz.co.kr/events/28635/products/9845011/section/w-event_group-pl-1/6,
273,9927167,https://www.reebonz.co.kr/events/28635/products/9927167/section/w-event_group-pl-1/6,
274,9932016,https://www.reebonz.co.kr/events/28635/products/9932016/section/w-event_group-pl-1/10,
275,9932257,https://www.reebonz.co.kr/events/28635/products/9932257/section/w-event_group-pl-1/8,
276,9905947,https://www.reebonz.co.kr/events/28635/products/9905947/section/w-event_group-pl-1/8,
277,8769137,https://www.reebonz.co.kr/events/28635/products/8769137/section/w-event_group-pl-1/8?view_type=buy,
278,9845577,https://www.reebonz.co.kr/events/28635/products/9845577/section/w-event_group-pl-1/5,
279,9849166,https://www.reebonz.co.kr/events/28635/products/9849166/section/w-event_group-pl-1/1,
280,9828226,https://www.reebonz.co.kr/events/28635/products/9828226/section/w-event_group-pl-1/24,
281,9823730,https://www.reebonz.co.kr/events/28635/products/9823730/section/w-event_group-pl-1/20,
282,9821820,https://www.reebonz.co.kr/events/28635/products/9821820/section/w-event_group-pl-1/16,
283,8348484,https://www.reebonz.co.kr/events/28635/products/8348484/section/w-event_group-pl-1/7?view_type=buy,
284,9827285,https://www.reebonz.co.kr/events/28635/products/9827285/section/w-event_group-pl-1/13,
285,9804290,https://www.reebonz.co.kr/events/28635/products/9804290/section/w-event_group-pl-1/18,
286,9804219,https://www.reebonz.co.kr/events/28635/products/9804219/section/w-event_group-pl-1/22,
287,9252074,https://www.reebonz.co.kr/events/28635/products/9252074/section/w-event_group-pl-1/5?view_type=buy,
288,9822572,https://www.reebonz.co.kr/events/28635/products/9822572/section/w-event_group-pl-1/5,
289,9854310,https://www.reebonz.co.kr/events/28635/products/9854310/section/w-event_group-pl-1/14,
290,9854856,https://www.reebonz.co.kr/events/28635/products/9854856/section/w-event_group-pl-1/10,
291,9831452,https://www.reebonz.co.kr/events/28635/products/9831452/section/w-event_group-pl-1/18,
292,9201911,https://www.reebonz.co.kr/events/28635/products/9201911/section/w-event_group-pl-1/3?view_type=buy,
293,9802480,https://www.reebonz.co.kr/events/28635/products/9802480/section/w-event_group-pl-1/2,
294,9831414,https://www.reebonz.co.kr/events/28635/products/9831414/section/w-event_group-pl-4/16,
295,9302527,https://www.reebonz.co.kr/events/28635/products/9302527/section/w-event_group-pl-1/8?view_type=buy,
296,9802517,https://www.reebonz.co.kr/events/28635/products/9802517/section/w-event_group-pl-1/1,
297,9783859,https://www.reebonz.co.kr/events/28635/products/9783859/section/w-event_group-pl-1/2,
298,9196390,https://www.reebonz.co.kr/events/28635/products/9196390/section/w-event_group-pl-1/7?view_type=buy,
299,9784196,https://www.reebonz.co.kr/events/28635/products/9784196/section/w-event_group-pl-1/6,
300,9784515,https://www.reebonz.co.kr/events/28635/products/9784515/section/w-event_group-pl-1/12,
301,9785252,https://www.reebonz.co.kr/events/28635/products/9785252/section/w-event_group-pl-1/22,
302,9785398,https://www.reebonz.co.kr/events/28635/products/9785398/section/w-event_group-pl-1/25,
303,9784619,https://www.reebonz.co.kr/events/28635/products/9784619/section/w-event_group-pl-1/13,
304,9924343,https://www.reebonz.co.kr/products/9924343,
305,9785359,https://www.reebonz.co.kr/events/28635/products/9785359/section/w-event_group-pl-1/24,
306,9784219,https://www.reebonz.co.kr/events/28635/products/9784219/section/w-event_group-pl-1/20,
307,9783751,https://www.reebonz.co.kr/events/28635/products/9783751/section/w-event_group-pl-1/15,
308,9784155,https://www.reebonz.co.kr/events/28635/products/9784155/section/w-event_group-pl-1/18,
309,9783937,https://www.reebonz.co.kr/events/28635/products/9783937/section/w-event_group-pl-1/17,
310,9784631,https://www.reebonz.co.kr/events/28635/products/9784631/section/w-event_group-pl-3/22,
311,9165837,https://www.reebonz.co.kr/events/28635/products/9165837/section/w-event_group-pl-1/12?view_type=buy,
312,9755501,https://www.reebonz.co.kr/events/28635/products/9755501/section/w-event_group-pl-1/7,
313,9775168,https://www.reebonz.co.kr/events/28635/products/9775168/section/w-event_group-pl-1/1,
314,9821912,https://www.reebonz.co.kr/events/28635/products/9821912/section/w-event_group-pl-1/10,
315,9802333,https://www.reebonz.co.kr/events/28635/products/9802333/section/w-event_group-pl-1/7,
316,9774494,https://www.reebonz.co.kr/events/28635/products/9774494/section/w-event_group-pl-1/11,
317,9785119,https://www.reebonz.co.kr/events/28635/products/9785119/section/w-event_group-pl-1/19,
318,9755111,https://www.reebonz.co.kr/events/28635/products/9755111/section/w-event_group-pl-1/10,
319,9754270,https://www.reebonz.co.kr/events/28635/products/9754270/section/w-event_group-pl-1/3,
320,9754241,https://www.reebonz.co.kr/events/28635/products/9754241/section/w-event_group-pl-1/2,
321,9754923,https://www.reebonz.co.kr/events/28635/products/9754923/section/w-event_group-pl-1/5,
322,9755123,https://www.reebonz.co.kr/events/28635/products/9755123/section/w-event_group-pl-2/11#tabs-4,
323,9748204,https://www.reebonz.co.kr/events/28635/products/9748204/section/w-event_group-pl-1/10,
324,9774839,https://www.reebonz.co.kr/events/28635/products/9774839/section/w-event_group-pl-1/9,
325,9774855,https://www.reebonz.co.kr/events/28635/products/9774855/section/w-event_group-pl-1/8,
326,9748289,https://www.reebonz.co.kr/events/28635/products/9748289/section/w-event_group-pl-1/7,
327,9530185,https://www.reebonz.co.kr/events/28635/products/9530185/section/w-event_group-pl-1/6,
328,4484930,https://www.reebonz.co.kr/events/28635/products/4484930/section/w-event_group-pl-1/8?view_type=buy,
329,9727205,https://www.reebonz.co.kr/events/28635/products/9727205/section/w-event_group-pl-1/3,
330,9727214,https://www.reebonz.co.kr/events/28635/products/9727214/section/w-event_group-pl-1/2,
331,2648280,https://www.reebonz.co.kr/products/2648280/section/w-pmi_categories-direct_buy-1/9,
332,9645324,https://www.reebonz.co.kr/events/28635/products/9645324/section/w-event_group-pl-1/10?view_type=buy,
333,9724055,https://www.reebonz.co.kr/events/28635/products/9724055/section/w-event_group-pl-1/7,
334,8756094,https://www.reebonz.co.kr/events/28635/products/8756094/section/w-event_group-pl-1/8?view_type=buy,
335,9749856,https://www.reebonz.co.kr/events/28635/products/9749856/section/w-event_group-pl-1/5,
336,7618864,https://www.reebonz.co.kr/events/28635/products/7618864/section/w-event_group-pl-1/4?view_type=buy,
337,8750067,https://www.reebonz.co.kr/products/8750067/section/w-pmi_categories-direct_buy-1/27,
338,6144211,https://www.reebonz.co.kr/products/6144211/section/w-pmi_categories-direct_buy-1/11,
339,8310866,https://www.reebonz.co.kr/events/28635/products/8310866/section/w-event_group-pl-1/5?view_type=buy,
340,2647988,https://www.reebonz.co.kr/products/2647988/section/w-pmi_categories-direct_buy-1/14,
341,7276374,https://www.reebonz.co.kr/products/7276374/section/w-pmi_categories-direct_buy-1/9,
342,9693790,https://www.reebonz.co.kr/events/28635/products/9693790/section/w-event_group-pl-2/2,
343,9653271,https://www.reebonz.co.kr/events/28635/products/9653271/section/w-event_group-pl-1/4,
344,9653388,https://www.reebonz.co.kr/events/28635/products/9653388/section/w-event_group-pl-1/5,
345,9687923,https://www.reebonz.co.kr/events/28635/products/9687923/section/w-event_group-pl-2/4,
346,9653069,https://www.reebonz.co.kr/events/28635/products/9653069/section/w-event_group-pl-1/4,
347,9652824,https://www.reebonz.co.kr/events/28635/products/9652824/section/w-event_group-pl-1/2,
348,2589584,https://www.reebonz.co.kr/products/2589584/section/w-pmi_categories-direct_buy-1/23,
349,9653433,https://www.reebonz.co.kr/events/28635/products/9653433/section/w-event_group-pl-1/11,
350,9653641,https://www.reebonz.co.kr/events/28635/products/9653641/section/w-event_group-pl-1/12,
351,9624209,https://www.reebonz.co.kr/events/28635/products/9624209/section/w-event_group-pl-1/7,
352,9597800,https://www.reebonz.co.kr/events/28635/products/9597800/section/w-event_group-pl-1/22,
353,9623753,https://www.reebonz.co.kr/events/28635/products/9623753/section/w-event_group-pl-1/15,
354,9597069,https://www.reebonz.co.kr/events/28635/products/9597069/section/w-event_group-pl-1/16,
355,9643104,https://www.reebonz.co.kr/events/28635/products/9643104/section/w-event_group-pl-1/8,
356,9607911,https://www.reebonz.co.kr/events/28635/products/9607911/section/w-event_group-pl-1/23,
357,9601007,https://www.reebonz.co.kr/events/28635/products/9601007/section/w-event_group-pl-1/16,
358,7530059,https://www.reebonz.co.kr/events/28635/products/7530059/section/w-event_group-pl-1/4?view_type=buy,
359,8199726,https://www.reebonz.co.kr/events/28635/products/8199726/section/w-event_group-pl-1/5?view_type=buy,
360,9591848,https://www.reebonz.co.kr/events/28635/products/9591848/section/w-event_group-pl-1/16,
361,8870411,https://www.reebonz.co.kr/events/28635/products/8870411/section/w-event_group-pl-1/3?view_type=buy,
362,9623755,https://www.reebonz.co.kr/events/28635/products/9623755/section/w-event_group-pl-1/13,
363,9529996,https://www.reebonz.co.kr/events/28635/products/9529996/section/w-event_group-pl-1/14,
364,9624240,https://www.reebonz.co.kr/events/28635/products/9624240/section/w-event_group-pl-1/16,
365,9603165,https://www.reebonz.co.kr/events/28635/products/9603165/section/w-event_group-pl-1/14,
366,9542828,https://www.reebonz.co.kr/events/28635/products/9542828/section/w-event_group-pl-1/13,
367,8864267,https://www.reebonz.co.kr/events/28635/products/8864267/section/w-event_group-pl-1/5?view_type=buy,
368,9603187,https://www.reebonz.co.kr/events/28635/products/9603187/section/w-event_group-pl-1/13,
369,8880351,https://www.reebonz.co.kr/events/28635/products/8880351/section/w-event_group-pl-1/6?view_type=buy,
370,9544031,https://www.reebonz.co.kr/events/28635/products/9544031/section/w-event_group-pl-1/17,
371,9530849,https://www.reebonz.co.kr/events/28635/products/9530849/section/w-event_group-pl-1/7,
372,9530979,https://www.reebonz.co.kr/events/28635/products/9530979/section/w-event_group-pl-1/8,
373,9530754,https://www.reebonz.co.kr/events/28635/products/9530754/section/w-event_group-pl-1/6,
374,8551834,https://www.reebonz.co.kr/events/28635/products/8551834/section/w-event_group-pl-1/2?view_type=buy,
375,8722693,https://www.reebonz.co.kr/events/28635/products/8722693/section/w-event_group-pl-1/3?view_type=buy,
376,8955708,https://www.reebonz.co.kr/events/28635/products/8955708/section/w-event_group-pl-1/7?view_type=buy,
377,8169059,https://www.reebonz.co.kr/events/28635/products/8169059/section/w-event_group-pl-1/1?view_type=buy,
378,9048509,https://www.reebonz.co.kr/events/28635/products/9048509/section/w-event_group-pl-1/9?view_type=buy,
379,8769342,https://www.reebonz.co.kr/events/28635/products/8769342/section/w-event_group-pl-1/8?view_type=buy,
380,8984714,https://www.reebonz.co.kr/events/28635/products/8984714/section/w-event_group-pl-1/8?view_type=buy,
381,9596852,https://www.reebonz.co.kr/events/28635/products/9596852/section/w-event_group-pl-1/11,
382,9544170,https://www.reebonz.co.kr/events/28635/products/9544170/section/w-event_group-pl-1/12,
383,8927264,https://www.reebonz.co.kr/events/28635/products/8927264/section/w-event_group-pl-1/5?view_type=buy,
384,9530290,https://www.reebonz.co.kr/events/28635/products/9530290/section/w-event_group-pl-1/10,
385,9530805,https://www.reebonz.co.kr/events/28635/products/9530805/section/w-event_group-pl-1/4,
386,9504687,https://www.reebonz.co.kr/products/9504687,
387,9505301,https://www.reebonz.co.kr/products/9505301,
388,9504685,https://www.reebonz.co.kr/products/9504685,
389,9594417,https://www.reebonz.co.kr/events/28635/products/9594417/section/w-event_group-pl-1/8,
390,9529301,https://www.reebonz.co.kr/products/9529301,
391,9504632,https://www.reebonz.co.kr/products/9504632,
392,9506328,https://www.reebonz.co.kr/products/9506328,
393,9501569,https://www.reebonz.co.kr/products/9501569,
394,9504671,https://www.reebonz.co.kr/products/9504671,
395,9506176,https://www.reebonz.co.kr/products/9506176,
396,9506119,https://www.reebonz.co.kr/products/9506119,
397,9504608,https://www.reebonz.co.kr/products/9504608,
398,9484671,https://www.reebonz.co.kr/products/9484671,
399,9465525,https://www.reebonz.co.kr/products/9465525,
400,9261498,https://www.reebonz.co.kr/products/9261498,
401,9431321,https://www.reebonz.co.kr/events/28635/products/9431321/section/w-event_group-pl-1/2,
402,9419241,https://www.reebonz.co.kr/events/28635/products/9419241/section/w-event_group-pl-1/5,
403,9419252,https://www.reebonz.co.kr/events/28635/products/9419252/section/w-event_group-pl-1/6,
404,9385427,https://www.reebonz.co.kr/events/28635/products/9385427/section/w-event_group-pl-1/6,
405,9401225,https://www.reebonz.co.kr/events/28635/products/9401225/section/w-event_group-pl-1/11,
406,9383108,https://www.reebonz.co.kr/events/28635/products/9383108/section/w-event_group-pl-1/1,
407,9383020,https://www.reebonz.co.kr/events/28635/products/9383020/section/w-event_group-pl-1/4,
408,8627309,https://www.reebonz.co.kr/events/28635/products/8627309/section/w-event_group-pl-1/3?view_type=buy,
409,9383428,https://www.reebonz.co.kr/events/28635/products/9383428/section/w-event_group-pl-1/13,
410,9354003,https://www.reebonz.co.kr/events/28635/products/9354003/section/w-event_group-pl-1/14,
411,9333557,https://www.reebonz.co.kr/events/28635/products/9333557/section/w-event_group-pl-1/11,
412,9347479,https://www.reebonz.co.kr/events/28635/products/9347479/section/w-event_group-pl-1/12,
413,9331075,https://www.reebonz.co.kr/events/28635/products/9331075/section/w-event_group-pl-1/5,
414,9378749,https://www.reebonz.co.kr/events/28635/products/9378749/section/w-event_group-pl-1/2,
415,9302180,https://www.reebonz.co.kr/events/28635/products/9302180/section/w-event_group-pl-1/27,
416,9378717,https://www.reebonz.co.kr/events/28635/products/9378717/section/w-event_group-pl-1/1,
417,9295731,https://www.reebonz.co.kr/events/28635/products/9295731/section/w-event_group-pl-2/6,
418,9370106,https://www.reebonz.co.kr/products/9370106,
419,9370100,https://www.reebonz.co.kr/products/9370100,
420,9347809,https://www.reebonz.co.kr/events/28635/products/9347809/section/w-event_group-pl-1/19,
421,9347814,https://www.reebonz.co.kr/events/28635/products/9347814/section/w-event_group-pl-1/20,
422,9347864,https://www.reebonz.co.kr/events/28635/products/9347864/section/w-event_group-pl-1/21,
423,9347905,https://www.reebonz.co.kr/events/28635/products/9347905/section/w-event_group-pl-1/22,
424,9347934,https://www.reebonz.co.kr/events/28635/products/9347934/section/w-event_group-pl-1/23,
425,9348030,https://www.reebonz.co.kr/events/28635/products/9348030/section/w-event_group-pl-1/24,
426,5901433,https://www.reebonz.co.kr/products/5901433/section/w-pmi_brand-direct_buy-1/9,
427,9292817,https://www.reebonz.co.kr/events/28635/products/9292817/section/w-event_group-pl-2/17,
428,9302682,https://www.reebonz.co.kr/events/28635/products/9302682/section/w-event_group-pl-1/29,
429,9253204,https://www.reebonz.co.kr/events/28635/products/9253204/section/w-event_group-pl-4/8,
430,9298774,https://www.reebonz.co.kr/events/28635/products/9298774/section/w-event_group-pl-1/43,
431,9298892,https://www.reebonz.co.kr/events/28635/products/9298892/section/w-event_group-pl-1/37,
432,9295936,https://www.reebonz.co.kr/events/28635/products/9295936/section/w-event_group-pl-2/2,
433,9302211,https://www.reebonz.co.kr/events/28635/products/9302211/section/w-event_group-pl-1/31,
434,9288329,https://www.reebonz.co.kr/events/28635/products/9288329/section/w-event_group-pl-4/5,
435,9293047,https://www.reebonz.co.kr/events/28635/products/9293047/section/w-event_group-pl-2/12,
436,9262209,https://www.reebonz.co.kr/events/28635/products/9262209/section/w-event_group-pl-1/17,
437,9274447,https://www.reebonz.co.kr/events/28635/products/9274447/section/w-event_group-pl-1/6,
438,9262187,https://www.reebonz.co.kr/events/28635/products/9262187/section/w-event_group-pl-1/19,
439,9261480,https://www.reebonz.co.kr/events/28635/products/9261480/section/w-event_group-pl-1/28,
440,9261450,https://www.reebonz.co.kr/events/28635/products/9261450/section/w-event_group-pl-1/31,
441,9259010,https://www.reebonz.co.kr/events/28635/products/9259010/section/w-event_group-pl-1/2,
442,9253440,https://www.reebonz.co.kr/events/28635/products/9253440/section/w-event_group-pl-1/1,
443,9252284,https://www.reebonz.co.kr/events/28635/products/9252284/section/w-event_group-pl-1/4,
444,9225494,https://www.reebonz.co.kr/events/28635/products/9225494/section/w-event_group-pl-1/41,
445,9227255,https://www.reebonz.co.kr/events/28635/products/9227255/section/w-event_group-pl-1/1,
446,9227555,https://www.reebonz.co.kr/events/28635/products/9227555/section/w-event_group-pl-1/37,
447,8538199,https://www.reebonz.co.kr/events/28635/products/8538199/section/w-event_group-pl-1/30?view_type=buy,
448,9194082,https://www.reebonz.co.kr/events/28635/products/9194082/section/w-event_group-pl-1/3,
449,9202512,https://www.reebonz.co.kr/events/28635/products/9202512/section/w-event_group-pl-1/6,
450,7667716,https://www.reebonz.co.kr/products/7667716/section/w-pmi_categories-direct_buy-1/24,
451,8538175,https://www.reebonz.co.kr/events/28635/products/8538175/section/w-event_group-pl-1/29?view_type=buy,
452,3327032,https://www.reebonz.co.kr/products/3327032/section/w-pmi_search_result-direct_buy-1/1,
453,8088292,https://www.reebonz.co.kr/products/8088292/section/w-pmi_search_result-direct_buy-1/1,
454,7668996,https://www.reebonz.co.kr/products/7668996/section/w-pmi_search_result-direct_buy-1/1,
455,8537435,https://www.reebonz.co.kr/products/8537435/section/w-pmi_search_result-direct_buy-1/1,
456,5238404,https://www.reebonz.co.kr/events/28635/products/5238404/section/w-event_group-pl-1/8?view_type=buy,
457,8271950,https://www.reebonz.co.kr/products/8271950/section/w-pmi_search_result-direct_buy-1/1,
458,8067417,https://www.reebonz.co.kr/products/8067417/section/w-pmi_search_result-direct_buy-1/1,
459,8342895,https://www.reebonz.co.kr/products/8342895/section/w-pmi_search_result-direct_buy-1/1,
460,7979510,https://www.reebonz.co.kr/products/7979510/section/w-pmi_search_result-direct_buy-1/1,
461,7892238,https://www.reebonz.co.kr/products/7892238/section/w-pmi_categories-direct_buy-1/70,
462,9200305,https://www.reebonz.co.kr/events/28635/products/9200305/section/w-event_group-pl-1/13,
463,9200292,https://www.reebonz.co.kr/events/28635/products/9200292/section/w-event_group-pl-1/14,
464,8067597,https://www.reebonz.co.kr/products/8067597/section/w-pmi_search_result-direct_buy-1/1,
465,8342150,https://www.reebonz.co.kr/products/8342150/section/w-pmi_categories-direct_buy-1/25,
466,7132539,https://www.reebonz.co.kr/products/7132539/section/w-pmi_search_result-direct_buy-1/1,
467,7276388,https://www.reebonz.co.kr/products/7276388/section/w-pmi_search_result-direct_buy-1/1,
468,6067830,https://www.reebonz.co.kr/products/6067830/section/w-pmi_search_result-direct_buy-1/1,
469,7133624,https://www.reebonz.co.kr/products/7133624/section/w-pmi_categories-direct_buy-2/22,
470,5288849,https://www.reebonz.co.kr/products/5288849/section/w-pmi_search_result-direct_buy-1/1,
471,8709026,https://www.reebonz.co.kr/products/8709026/section/w-pmi_search_result-direct_buy-1/1,
472,9109146,https://www.reebonz.co.kr/products/9109146/section/w-pmi_categories-direct_buy-1/23,
473,7898931,https://www.reebonz.co.kr/products/7898931/section/w-pmi_categories-direct_buy-2/16,
474,5604776,https://www.reebonz.co.kr/events/31554/products/5604776/section/w-event-pl-5/41,
475,9194226,https://www.reebonz.co.kr/products/9194226,
476,9194457,https://www.reebonz.co.kr/products/9194457,
477,3024268,https://www.reebonz.co.kr/events/31554/products/3024268/section/w-event-pl-4/22?view_type=buy,
478,7693600,https://www.reebonz.co.kr/products/7693600/section/w-pmi_categories-direct_buy-2/24,
479,8769664,https://www.reebonz.co.kr/products/8769664/section/w-pmi_categories-direct_buy-1/53,
480,8390218,https://www.reebonz.co.kr/products/8390218/section/w-pmi_categories-direct_buy-1/69,
481,8681594,https://www.reebonz.co.kr/events/31554/products/8681594/section/w-event-pl-2/10,
482,8616962,https://www.reebonz.co.kr/events/31554/products/8616962/section/w-event-pl-2/9,
483,5986638,https://www.reebonz.co.kr/events/31554/products/5986638/section/w-event-pl-5/51,
484,3289416,https://www.reebonz.co.kr/events/31554/products/3289416/section/w-event-pl-4/57,
485,3058580,https://www.reebonz.co.kr/events/31554/products/3058580/section/w-event-pl-4/29,
486,3032909,https://www.reebonz.co.kr/events/31554/products/3032909/section/w-event-pl-4/24,
487,3032869,https://www.reebonz.co.kr/events/31554/products/3032869/section/w-event-pl-4/23,
488,2648286,https://www.reebonz.co.kr/events/31554/products/2648286/section/w-event-pl-3/51,
489,2648031,https://www.reebonz.co.kr/events/31554/products/2648031/section/w-event-pl-3/49,
490,2611155,https://www.reebonz.co.kr/events/31554/products/2611155/section/w-event-pl-3/3,
491,2611104,https://www.reebonz.co.kr/events/31554/products/2611104/section/w-event-pl-3/2,
492,2633598,https://www.reebonz.co.kr/events/31554/products/2633598/section/w-event-pl-1/18,
493,5389040,https://www.reebonz.co.kr/events/31554/products/5389040/section/w-event-pl-1/13,
494,6088845,https://www.reebonz.co.kr/events/31554/products/6088845/section/w-event-pl-1/9,
495,9165260,https://www.reebonz.co.kr/events/28635/products/9165260/section/w-event_group-pl-2/21,
496,9165264,https://www.reebonz.co.kr/events/28635/products/9165264/section/w-event_group-pl-2/22,
497,9157546,https://www.reebonz.co.kr/events/28635/products/9157546/section/w-event_group-pl-2/20,
498,9165415,https://www.reebonz.co.kr/events/28635/products/9165415/section/w-event_group-pl-2/24,
499,9156126,https://www.reebonz.co.kr/events/28635/products/9156126/section/w-event_group-pl-3/14,
500,9165717,https://www.reebonz.co.kr/events/28635/products/9165717/section/w-event_group-pl-2/28,
501,9155030,https://www.reebonz.co.kr/events/28635/products/9155030/section/w-event_group-pl-3/13,
502,9165265,https://www.reebonz.co.kr/events/28635/products/9165265/section/w-event_group-pl-2/23,
503,9127392,https://www.reebonz.co.kr/events/28635/products/9127392/section/w-event_group-pl-1/7,
504,9126660,https://www.reebonz.co.kr/events/28635/products/9126660/section/w-event_group-pl-2/1,
505,9126553,https://www.reebonz.co.kr/events/28635/products/9126553/section/w-event_group-pl-1/1,
506,2673886,https://www.reebonz.co.kr/events/28635/products/2673886/section/w-event_group-pl-1/4?view_type=buy,
507,4551725,https://www.reebonz.co.kr/events/28635/products/4551725/section/w-event_group-pl-1/8?view_type=buy,
508,9067012,https://www.reebonz.co.kr/events/28635/products/9067012/section/w-event_group-pl-1/2,
509,9066931,https://www.reebonz.co.kr/events/28635/products/9066931/section/w-event_group-pl-1/3,
510,9195372,https://www.reebonz.co.kr/events/28635/products/9195372/section/w-event_group-pl-1/14?view_type=buy,
511,9038987,https://www.reebonz.co.kr/events/28635/products/9038987/section/w-event_group-pl-1/4,
512,9038164,https://www.reebonz.co.kr/events/28635/products/9038164/section/w-event_group-pl-1/11,
513,3945378,https://www.reebonz.co.kr/events/28635/products/3945378/section/w-event_group-pl-1/49?view_type=buy,
514,6387583,https://www.reebonz.co.kr/events/28635/products/6387583/section/w-event_group-pl-1/41?view_type=buy,
515,8149545,https://www.reebonz.co.kr/events/28635/products/8149545/section/w-event_group-pl-1/17?view_type=buy,
516,3933678,https://www.reebonz.co.kr/events/28635/products/3933678/section/w-event_group-pl-1/11?view_type=buy,
517,8920345,https://www.reebonz.co.kr/events/28635/products/8920345/section/w-event_group-pl-1/11,
518,8921349,https://www.reebonz.co.kr/events/28635/products/8921349/section/w-event_group-pl-1/28,
519,8920513,https://www.reebonz.co.kr/events/28635/products/8920513/section/w-event_group-pl-1/14,
520,8891506,https://www.reebonz.co.kr/events/28635/products/8891506/section/w-event_group-pl-1/14,
521,7687065,https://www.reebonz.co.kr/events/28635/products/7687065/section/w-event_group-pl-1/6?view_type=buy,
522,8829813,https://www.reebonz.co.kr/events/28635/products/8829813/section/w-event_group-pl-1/12,
523,8829165,https://www.reebonz.co.kr/events/28635/products/8829165/section/w-event_group-pl-1/17,
524,7868919,https://www.reebonz.co.kr/products/7868919/section/w-pmi_brand-direct_buy-1/2,
525,7734223,https://www.reebonz.co.kr/products/7734223/section/w-pmi_brand-direct_buy-1/1,
526,8399041,https://www.reebonz.co.kr/events/28635/products/8399041/section/w-event_group-pl-1/8,
527,8750026,https://www.reebonz.co.kr/events/28635/products/8750026/section/w-event_group-pl-1/2,
528,8722691,https://www.reebonz.co.kr/events/28635/products/8722691/section/w-event_group-pl-1/10,
529,8750133,https://www.reebonz.co.kr/events/28635/products/8750133/section/w-event_group-pl-1/7,
530,8271574,https://www.reebonz.co.kr/events/28635/products/8271574/section/w-event_group-pl-3/11?view_type=buy,
531,8271491,https://www.reebonz.co.kr/events/28635/products/8271491/section/w-event_group-pl-3/5?view_type=buy,
532,8474282,https://www.reebonz.co.kr/products/8474282/section/w-pmi_search_result-direct_buy-1/8,
533,8644041,https://www.reebonz.co.kr/products/8644041/section/w-pmi_search_result-direct_buy-1/4,
534,8626975,https://www.reebonz.co.kr/products/8626975/section/w-pmi_brand-direct_buy-1/1,
535,8632515,https://www.reebonz.co.kr/products/8632515/section/w-pmi_brand-direct_buy-1/4,
536,7046668,https://www.reebonz.co.kr/products/7046668/section/w-pmi_brand-direct_buy-1/3,
537,7394690,https://www.reebonz.co.kr/products/7394690/section/w-pmi_brand-direct_buy-1/3,
538,7344608,https://www.reebonz.co.kr/products/7344608/section/w-pmi_brand-direct_buy-1/1,
539,5594468,https://www.reebonz.co.kr/products/5594468/section/w-pmi_brand-direct_buy-1/4,
540,7728000,https://www.reebonz.co.kr/products/7728000/section/w-pmi_brand-direct_buy-1/6,
541,6059048,https://www.reebonz.co.kr/products/6059048/section/w-pmi_brand-direct_buy-1/4,
542,8410834,https://www.reebonz.co.kr/products/8410834/section/w-pmi_search_result-direct_buy-1/14,
543,7892118,https://www.reebonz.co.kr/products/7892118/section/w-pmi_search_result-direct_buy-1/19,
544,2633589,https://www.reebonz.co.kr/products/2633589/section/w-pmi_search_result-direct_buy-1/12,
545,7727811,https://www.reebonz.co.kr/products/7727811/section/w-pmi_brand-direct_buy-1/4,
546,6607056,https://www.reebonz.co.kr/products/6607056/section/w-pmi_brand-direct_buy-1/6,
547,7394692,https://www.reebonz.co.kr/products/7394692/section/w-pmi_search_result-direct_buy-1/3,
548,3204205,https://www.reebonz.co.kr/products/3204205/section/w-pmi_brand-direct_buy-1/3,
549,7740675,https://www.reebonz.co.kr/products/7740675/section/w-pmi_brand-direct_buy-1/10,
550,7093363,https://www.reebonz.co.kr/products/7093363/section/w-pmi_brand-direct_buy-1/17,
551,1875800,https://www.reebonz.co.kr/products/1875800/section/w-pmi_brand-direct_buy-1/13,
552,7093391,https://www.reebonz.co.kr/products/7093391/section/w-pmi_brand-direct_buy-1/9,
553,6406148,https://www.reebonz.co.kr/products/6406148/section/w-pmi_brand-direct_buy-1/5,
554,7829479,https://www.reebonz.co.kr/products/7829479/section/w-pmi_brand-direct_buy-1/4,
555,7883501,https://www.reebonz.co.kr/products/7883501/section/w-pmi_brand-direct_buy-1/6,
556,7883504,https://www.reebonz.co.kr/products/7883504/section/w-pmi_brand-direct_buy-1/5,
557,7608364,https://www.reebonz.co.kr/products/7608364/section/w-pmi_brand-direct_buy-1/4,
558,6219792,https://www.reebonz.co.kr/products/6219792/section/w-pmi_brand-direct_buy-1/2,
559,6843904,https://www.reebonz.co.kr/products/6843904/section/w-pmi_brand-direct_buy-1/38,
560,8065569,https://www.reebonz.co.kr/products/8065569/section/w-pmi_brand-direct_buy-1/37,
561,7619327,https://www.reebonz.co.kr/products/7619327/section/w-pmi_brand-direct_buy-1/13,
562,7434677,https://www.reebonz.co.kr/products/7434677/section/w-pmi_brand-direct_buy-1/113,
563,2594747,https://www.reebonz.co.kr/products/2594747/section/w-pmi_brand-direct_buy-1/9,
564,6405449,https://www.reebonz.co.kr/products/6405449/section/w-pmi_brand-direct_buy-1/8,
565,8294647,https://www.reebonz.co.kr/products/8294647/section/w-pmi_brand-direct_buy-1/7,
566,5670382,https://www.reebonz.co.kr/products/5670382/section/w-pmi_brand-direct_buy-1/13,
567,7137584,https://www.reebonz.co.kr/products/7137584/section/w-pmi_brand-direct_buy-1/10,
568,2594768,https://www.reebonz.co.kr/products/2594768/section/w-pmi_brand-direct_buy-1/6,
569,3721956,https://www.reebonz.co.kr/products/3721956/section/w-pmi_brand-direct_buy-1/2,
570,6844367,https://www.reebonz.co.kr/products/6844367/section/w-pmi_brand-direct_buy-1/38,
571,1849258,https://www.reebonz.co.kr/products/1849258/section/w-pmi_brand-direct_buy-1/33,
572,4872657,https://www.reebonz.co.kr/products/4872657/section/w-pmi_brand-direct_buy-1/18,
573,2920535,https://www.reebonz.co.kr/products/2920535/section/w-pmi_brand-direct_buy-1/13,
574,7132544,https://www.reebonz.co.kr/products/7132544/section/w-pmi_brand-direct_buy-1/6,
575,6316539,https://www.reebonz.co.kr/products/6316539/section/w-pmi_brand-direct_buy-1/40,
576,6316501,https://www.reebonz.co.kr/products/6316501/section/w-pmi_brand-direct_buy-1/35,
577,7126123,https://www.reebonz.co.kr/products/7126123/section/w-pmi_brand-direct_buy-1/20,
578,7590444,https://www.reebonz.co.kr/products/7590444/section/w-pmi_brand-direct_buy-1/19,
579,6280593,https://www.reebonz.co.kr/products/6280593/section/w-pmi_brand-direct_buy-1/18,
580,8340176,https://www.reebonz.co.kr/products/8340176/section/w-pmi_brand-direct_buy-1/30,
581,8194939,https://www.reebonz.co.kr/products/8194939/section/w-pmi_brand-direct_buy-1/14,
582,7116081,https://www.reebonz.co.kr/products/7116081/section/w-pmi_brand-direct_buy-1/5,
583,2334484,https://www.reebonz.co.kr/products/2334484/section/w-pmi_brand-direct_buy-1/34,
584,1486141,https://www.reebonz.co.kr/products/1486141/section/w-pmi_brand-direct_buy-1/44,
585,2336639,https://www.reebonz.co.kr/products/2336639/section/w-pmi_brand-direct_buy-1/64,
586,3140998,https://www.reebonz.co.kr/products/3140998/section/w-pmi_brand-direct_buy-1/26,
587,5467891,https://www.reebonz.co.kr/products/5467891/section/w-pmi_brand-direct_buy-1/1,
588,1221230,https://www.reebonz.co.kr/products/1221230/section/w-pmi_brand-direct_buy-1/18,
589,1826862,https://www.reebonz.co.kr/products/1826862/section/w-pmi_brand-direct_buy-1/16,
590,827153,https://www.reebonz.co.kr/products/827153/section/w-pmi_brand-direct_buy-1/11,
591,7133562,https://www.reebonz.co.kr/products/7133562/section/w-pmi_brand-direct_buy-1/10,
592,7394745,https://www.reebonz.co.kr/products/7394745/section/w-pmi_brand-direct_buy-1/9,
593,3163002,https://www.reebonz.co.kr/products/3163002/section/w-pmi_brand-direct_buy-1/6,
594,3257488,https://www.reebonz.co.kr/products/3257488/section/w-pmi_brand-direct_buy-1/5,